2024-10-29 17:20:28,DI-245,1,K,-199.99782400000004
2024-10-29 17:20:28,DI-245,1,K,-199.99782400000004
2024-10-29 17:20:28,DI-245,1,K,-199.99782400000004
2024-10-29 17:20:28,DI-245,1,K,-199.99782400000004
2024-10-29 17:20:28,DI-245,0,K,-199.99782400000004
2024-10-29 17:20:28,DI-245,0,K,-199.99782400000004
2024-10-29 17:20:28,DI-245,0,K,-199.99782400000004
2024-10-29 17:20:28,DI-245,0,K,-199.99782400000004
2024-10-29 17:20:29,DI-1100,0,CH-0,0.078125
2024-10-29 17:20:29,DI-1100,0,CH-1,-0.068359375
2024-10-29 17:20:29,DI-1100,0,CH-2,-0.01953125
2024-10-29 17:20:29,DI-1100,0,CH-3,0.0732421875
2024-10-29 17:20:29,DI-1100,0,CH-0,0.078125
2024-10-29 17:20:29,DI-1100,0,CH-1,-0.068359375
2024-10-29 17:20:29,DI-1100,0,CH-2,-0.01953125
2024-10-29 17:20:29,DI-1100,0,CH-3,0.0732421875
2024-10-29 17:20:29,DI-1100,0,CH-0,0.078125
2024-10-29 17:20:29,DI-1100,0,CH-1,-0.068359375
2024-10-29 17:20:29,DI-1100,0,CH-2,-0.01953125
2024-10-29 17:20:29,DI-1100,0,CH-3,0.0732421875
2024-10-29 17:20:29,DI-245,1,K,-199.99782400000004
2024-10-29 17:20:29,DI-245,1,K,-199.99782400000004
2024-10-29 17:20:29,DI-245,1,K,-199.99782400000004
2024-10-29 17:20:29,DI-245,1,K,-199.99782400000004
2024-10-29 17:20:29,DI-245,0,K,-199.99782400000004
2024-10-29 17:20:29,DI-245,0,K,-199.99782400000004
2024-10-29 17:20:29,DI-245,0,K,-199.99782400000004
2024-10-29 17:20:29,DI-245,0,K,-199.99782400000004
2024-10-29 17:20:29,DI-1100,0,CH-0,0.05859375
2024-10-29 17:20:29,DI-1100,0,CH-1,-0.048828125
2024-10-29 17:20:29,DI-1100,0,CH-2,-0.009765625
2024-10-29 17:20:29,DI-1100,0,CH-3,0.0634765625
2024-10-29 17:20:29,DI-1100,0,CH-0,0.0390625
2024-10-29 17:20:29,DI-1100,0,CH-1,-0.0146484375
2024-10-29 17:20:29,DI-1100,0,CH-2,0.0048828125
2024-10-29 17:20:29,DI-1100,0,CH-3,0.0439453125
2024-10-29 17:20:29,DI-1100,0,CH-0,0.01953125
2024-10-29 17:20:29,DI-1100,0,CH-1,0.009765625
2024-10-29 17:20:29,DI-1100,0,CH-2,0.0146484375
2024-10-29 17:20:29,DI-1100,0,CH-3,0.0341796875
2024-10-29 17:20:29,DI-1100,0,CH-0,0.0
2024-10-29 17:20:29,DI-1100,0,CH-1,0.0146484375
2024-10-29 17:20:29,DI-1100,0,CH-2,0.0146484375
2024-10-29 17:20:29,DI-1100,0,CH-3,0.0341796875
2024-10-29 17:20:29,DI-1100,0,CH-0,0.0
2024-10-29 17:20:29,DI-1100,0,CH-1,0.0146484375
2024-10-29 17:20:29,DI-1100,0,CH-2,0.0146484375
2024-10-29 17:20:29,DI-1100,0,CH-3,0.0390625
2024-10-29 17:20:29,DI-245,1,K,-199.99782400000004
2024-10-29 17:20:29,DI-245,1,K,-199.99782400000004
2024-10-29 17:20:29,DI-245,1,K,-199.99782400000004
2024-10-29 17:20:29,DI-245,1,K,-199.99782400000004
2024-10-29 17:20:29,DI-245,0,K,-199.99782400000004
2024-10-29 17:20:29,DI-245,0,K,-199.99782400000004
2024-10-29 17:20:29,DI-245,0,K,-199.99782400000004
2024-10-29 17:20:29,DI-245,0,K,-199.99782400000004
2024-10-29 17:20:30,DI-1100,0,CH-0,0.01953125
2024-10-29 17:20:30,DI-1100,0,CH-1,0.0146484375
2024-10-29 17:20:30,DI-1100,0,CH-2,0.0146484375
2024-10-29 17:20:30,DI-1100,0,CH-3,0.0390625
2024-10-29 17:20:30,DI-1100,0,CH-0,0.01953125
2024-10-29 17:20:30,DI-1100,0,CH-1,0.0244140625
2024-10-29 17:20:30,DI-1100,0,CH-2,0.0146484375
2024-10-29 17:20:30,DI-1100,0,CH-3,0.0439453125
2024-10-29 17:20:30,DI-1100,0,CH-0,0.01953125
2024-10-29 17:20:30,DI-1100,0,CH-1,0.0244140625
2024-10-29 17:20:30,DI-1100,0,CH-2,0.009765625
2024-10-29 17:20:30,DI-1100,0,CH-3,0.0537109375
2024-10-29 17:20:30,DI-1100,0,CH-0,0.0
2024-10-29 17:20:30,DI-1100,0,CH-1,0.009765625
2024-10-29 17:20:30,DI-1100,0,CH-2,0.0048828125
2024-10-29 17:20:30,DI-1100,0,CH-3,0.048828125
2024-10-29 17:20:30,DI-245,1,K,-199.99782400000004
2024-10-29 17:20:30,DI-245,1,K,-199.99782400000004
2024-10-29 17:20:30,DI-245,1,K,-199.99782400000004
2024-10-29 17:20:30,DI-245,1,K,-199.99782400000004
2024-10-29 17:20:30,DI-245,0,K,-199.99782400000004
2024-10-29 17:20:30,DI-245,0,K,-199.99782400000004
2024-10-29 17:20:30,DI-245,0,K,-199.99782400000004
2024-10-29 17:20:30,DI-245,0,K,-199.99782400000004
2024-10-29 17:20:30,DI-1100,0,CH-0,0.0
2024-10-29 17:20:30,DI-1100,0,CH-1,0.0
2024-10-29 17:20:30,DI-1100,0,CH-2,0.0048828125
2024-10-29 17:20:30,DI-1100,0,CH-3,0.0390625
2024-10-29 17:20:30,DI-1100,0,CH-0,-0.01953125
2024-10-29 17:20:30,DI-1100,0,CH-1,0.0
2024-10-29 17:20:30,DI-1100,0,CH-2,0.0048828125
2024-10-29 17:20:30,DI-1100,0,CH-3,0.0341796875
2024-10-29 17:20:30,DI-1100,0,CH-0,-0.01953125
2024-10-29 17:20:30,DI-1100,0,CH-1,0.0
2024-10-29 17:20:30,DI-1100,0,CH-2,0.0048828125
2024-10-29 17:20:30,DI-1100,0,CH-3,0.048828125
2024-10-29 17:20:30,DI-1100,0,CH-0,-0.01953125
2024-10-29 17:20:30,DI-1100,0,CH-1,-0.0048828125
2024-10-29 17:20:30,DI-1100,0,CH-2,0.0048828125
2024-10-29 17:20:30,DI-1100,0,CH-3,0.068359375
2024-10-29 17:20:30,DI-1100,0,CH-0,-0.01953125
2024-10-29 17:20:30,DI-1100,0,CH-1,-0.0048828125
2024-10-29 17:20:30,DI-1100,0,CH-2,0.0
2024-10-29 17:20:30,DI-1100,0,CH-3,0.0732421875
2024-10-29 17:20:30,DI-245,1,K,-199.99782400000004
2024-10-29 17:20:30,DI-245,1,K,-199.99782400000004
2024-10-29 17:20:30,DI-245,1,K,-199.99782400000004
2024-10-29 17:20:30,DI-245,1,K,-199.99782400000004
2024-10-29 17:20:30,DI-245,0,K,-199.99782400000004
2024-10-29 17:20:30,DI-245,0,K,-199.99782400000004
2024-10-29 17:20:30,DI-245,0,K,-199.99782400000004
2024-10-29 17:20:30,DI-245,0,K,-199.99782400000004
2024-10-29 17:20:31,DI-1100,0,CH-0,0.0
2024-10-29 17:20:31,DI-1100,0,CH-1,0.0
2024-10-29 17:20:31,DI-1100,0,CH-2,-0.0048828125
2024-10-29 17:20:31,DI-1100,0,CH-3,0.078125
2024-10-29 17:20:31,DI-1100,0,CH-0,0.0
2024-10-29 17:20:31,DI-1100,0,CH-1,0.009765625
2024-10-29 17:20:31,DI-1100,0,CH-2,0.0
2024-10-29 17:20:31,DI-1100,0,CH-3,0.087890625
2024-10-29 17:20:31,DI-1100,0,CH-0,0.0
2024-10-29 17:20:31,DI-1100,0,CH-1,0.009765625
2024-10-29 17:20:31,DI-1100,0,CH-2,0.0146484375
2024-10-29 17:20:31,DI-1100,0,CH-3,0.1025390625
2024-10-29 17:20:31,DI-1100,0,CH-0,0.0
2024-10-29 17:20:31,DI-1100,0,CH-1,0.0048828125
2024-10-29 17:20:31,DI-1100,0,CH-2,0.0244140625
2024-10-29 17:20:31,DI-1100,0,CH-3,0.1025390625
2024-10-29 17:20:31,DI-245,1,K,-199.99782400000004
2024-10-29 17:20:31,DI-245,1,K,-199.99782400000004
2024-10-29 17:20:31,DI-245,1,K,-199.99782400000004
2024-10-29 17:20:31,DI-245,1,K,-199.99782400000004
2024-10-29 17:20:31,DI-245,0,K,-199.99782400000004
2024-10-29 17:20:31,DI-245,0,K,-199.99782400000004
2024-10-29 17:20:31,DI-245,0,K,-199.99782400000004
2024-10-29 17:20:31,DI-245,0,K,-199.99782400000004
2024-10-29 17:20:31,DI-1100,0,CH-0,-0.01953125
2024-10-29 17:20:31,DI-1100,0,CH-1,0.009765625
2024-10-29 17:20:31,DI-1100,0,CH-2,0.0341796875
2024-10-29 17:20:31,DI-1100,0,CH-3,0.09765625
2024-10-29 17:20:31,DI-1100,0,CH-0,-0.01953125
2024-10-29 17:20:31,DI-1100,0,CH-1,0.0244140625
2024-10-29 17:20:31,DI-1100,0,CH-2,0.0390625
2024-10-29 17:20:31,DI-1100,0,CH-3,0.0830078125
2024-10-29 17:20:31,DI-1100,0,CH-0,-0.01953125
2024-10-29 17:20:31,DI-1100,0,CH-1,0.0244140625
2024-10-29 17:20:31,DI-1100,0,CH-2,0.0439453125
2024-10-29 17:20:31,DI-1100,0,CH-3,0.0732421875
2024-10-29 17:20:31,DI-1100,0,CH-0,0.0
2024-10-29 17:20:31,DI-1100,0,CH-1,0.0146484375
2024-10-29 17:20:31,DI-1100,0,CH-2,0.048828125
2024-10-29 17:20:31,DI-1100,0,CH-3,0.0732421875
2024-10-29 17:20:31,DI-1100,0,CH-0,0.0
2024-10-29 17:20:31,DI-1100,0,CH-1,0.0048828125
2024-10-29 17:20:31,DI-1100,0,CH-2,0.0634765625
2024-10-29 17:20:31,DI-1100,0,CH-3,0.0634765625
2024-10-29 17:20:31,DI-245,1,K,-199.99782400000004
2024-10-29 17:20:31,DI-245,1,K,-199.99782400000004
2024-10-29 17:20:31,DI-245,1,K,-199.99782400000004
2024-10-29 17:20:31,DI-245,1,K,-199.99782400000004
2024-10-29 17:20:31,DI-245,0,K,-199.99782400000004
2024-10-29 17:20:31,DI-245,0,K,-199.99782400000004
2024-10-29 17:20:31,DI-245,0,K,-199.99782400000004
2024-10-29 17:20:31,DI-245,0,K,-199.99782400000004
2024-10-29 17:20:32,DI-1100,0,CH-0,0.0
2024-10-29 17:20:32,DI-1100,0,CH-1,-0.0048828125
2024-10-29 17:20:32,DI-1100,0,CH-2,0.078125
2024-10-29 17:20:32,DI-1100,0,CH-3,0.0537109375
2024-10-29 17:20:32,DI-1100,0,CH-0,0.0
2024-10-29 17:20:32,DI-1100,0,CH-1,-0.0048828125
2024-10-29 17:20:32,DI-1100,0,CH-2,0.087890625
2024-10-29 17:20:32,DI-1100,0,CH-3,0.0537109375
2024-10-29 17:20:32,DI-1100,0,CH-0,0.01953125
2024-10-29 17:20:32,DI-1100,0,CH-1,0.0
2024-10-29 17:20:32,DI-1100,0,CH-2,0.1025390625
2024-10-29 17:20:32,DI-1100,0,CH-3,0.0537109375
2024-10-29 17:20:32,DI-1100,0,CH-0,0.01953125
2024-10-29 17:20:32,DI-1100,0,CH-1,0.009765625
2024-10-29 17:20:32,DI-1100,0,CH-2,0.1171875
2024-10-29 17:20:32,DI-1100,0,CH-3,0.048828125
2024-10-29 17:20:32,DI-1100,0,CH-0,0.01953125
2024-10-29 17:20:32,DI-1100,0,CH-1,0.0146484375
2024-10-29 17:20:32,DI-1100,0,CH-2,0.1318359375
2024-10-29 17:20:32,DI-1100,0,CH-3,0.0390625
2024-10-29 17:20:32,DI-245,1,K,-199.99782400000004
2024-10-29 17:20:32,DI-245,1,K,-199.99782400000004
2024-10-29 17:20:32,DI-245,1,K,-199.99782400000004
2024-10-29 17:20:32,DI-245,1,K,-199.99782400000004
2024-10-29 17:20:32,DI-245,0,K,-199.99782400000004
2024-10-29 17:20:32,DI-245,0,K,-199.99782400000004
2024-10-29 17:20:32,DI-245,0,K,-199.99782400000004
2024-10-29 17:20:32,DI-245,0,K,-199.99782400000004
2024-10-29 17:20:32,DI-1100,0,CH-0,0.0
2024-10-29 17:20:32,DI-1100,0,CH-1,0.0244140625
2024-10-29 17:20:32,DI-1100,0,CH-2,0.1318359375
2024-10-29 17:20:32,DI-1100,0,CH-3,0.0244140625
2024-10-29 17:20:32,DI-1100,0,CH-0,0.0
2024-10-29 17:20:32,DI-1100,0,CH-1,0.0341796875
2024-10-29 17:20:32,DI-1100,0,CH-2,0.126953125
2024-10-29 17:20:32,DI-1100,0,CH-3,0.01953125
2024-10-29 17:20:32,DI-1100,0,CH-0,0.0
2024-10-29 17:20:32,DI-1100,0,CH-1,0.0439453125
2024-10-29 17:20:32,DI-1100,0,CH-2,0.1171875
2024-10-29 17:20:32,DI-1100,0,CH-3,0.0244140625
2024-10-29 17:20:32,DI-1100,0,CH-0,0.0
2024-10-29 17:20:32,DI-1100,0,CH-1,0.0537109375
2024-10-29 17:20:32,DI-1100,0,CH-2,0.1025390625
2024-10-29 17:20:32,DI-1100,0,CH-3,0.0341796875
2024-10-29 17:20:32,DI-245,1,K,-199.99782400000004
2024-10-29 17:20:32,DI-245,1,K,-199.99782400000004
2024-10-29 17:20:32,DI-245,1,K,-199.99782400000004
2024-10-29 17:20:32,DI-245,1,K,-199.99782400000004
2024-10-29 17:20:32,DI-245,0,K,-199.99782400000004
2024-10-29 17:20:32,DI-245,0,K,-199.99782400000004
2024-10-29 17:20:32,DI-245,0,K,-199.99782400000004
2024-10-29 17:20:32,DI-245,0,K,-199.99782400000004
2024-10-29 17:20:33,DI-1100,0,CH-0,0.01953125
2024-10-29 17:20:33,DI-1100,0,CH-1,0.0732421875
2024-10-29 17:20:33,DI-1100,0,CH-2,0.09765625
2024-10-29 17:20:33,DI-1100,0,CH-3,0.0341796875
2024-10-29 17:20:33,DI-1100,0,CH-0,0.01953125
2024-10-29 17:20:33,DI-1100,0,CH-1,0.087890625
2024-10-29 17:20:33,DI-1100,0,CH-2,0.078125
2024-10-29 17:20:33,DI-1100,0,CH-3,0.0244140625
2024-10-29 17:20:33,DI-1100,0,CH-0,0.0
2024-10-29 17:20:33,DI-1100,0,CH-1,0.09765625
2024-10-29 17:20:33,DI-1100,0,CH-2,0.0537109375
2024-10-29 17:20:33,DI-1100,0,CH-3,0.01953125
2024-10-29 17:20:33,DI-1100,0,CH-0,0.0
2024-10-29 17:20:33,DI-1100,0,CH-1,0.09765625
2024-10-29 17:20:33,DI-1100,0,CH-2,0.0390625
2024-10-29 17:20:33,DI-1100,0,CH-3,0.0146484375
2024-10-29 17:20:33,DI-1100,0,CH-0,0.01953125
2024-10-29 17:20:33,DI-1100,0,CH-1,0.09765625
2024-10-29 17:20:33,DI-1100,0,CH-2,0.0341796875
2024-10-29 17:20:33,DI-1100,0,CH-3,0.01953125
2024-10-29 17:20:33,DI-245,1,K,-199.99782400000004
2024-10-29 17:20:33,DI-245,1,K,-199.99782400000004
2024-10-29 17:20:33,DI-245,1,K,-199.99782400000004
2024-10-29 17:20:33,DI-245,1,K,-199.99782400000004
2024-10-29 17:20:33,DI-245,0,K,-199.99782400000004
2024-10-29 17:20:33,DI-245,0,K,-199.99782400000004
2024-10-29 17:20:33,DI-245,0,K,-199.99782400000004
2024-10-29 17:20:33,DI-245,0,K,-199.99782400000004
2024-10-29 17:20:33,DI-1100,0,CH-0,0.0390625
2024-10-29 17:20:33,DI-1100,0,CH-1,0.1025390625
2024-10-29 17:20:33,DI-1100,0,CH-2,0.0390625
2024-10-29 17:20:33,DI-1100,0,CH-3,0.0244140625
2024-10-29 17:20:33,DI-1100,0,CH-0,0.0390625
2024-10-29 17:20:33,DI-1100,0,CH-1,0.1025390625
2024-10-29 17:20:33,DI-1100,0,CH-2,0.0341796875
2024-10-29 17:20:33,DI-1100,0,CH-3,0.0244140625
2024-10-29 17:20:33,DI-1100,0,CH-0,0.05859375
2024-10-29 17:20:33,DI-1100,0,CH-1,0.087890625
2024-10-29 17:20:33,DI-1100,0,CH-2,0.01953125
2024-10-29 17:20:33,DI-1100,0,CH-3,0.0244140625
2024-10-29 17:20:33,DI-1100,0,CH-0,0.05859375
2024-10-29 17:20:33,DI-1100,0,CH-1,0.0732421875
2024-10-29 17:20:33,DI-1100,0,CH-2,0.01953125
2024-10-29 17:20:33,DI-1100,0,CH-3,0.0244140625
2024-10-29 17:20:33,DI-245,1,K,-199.99782400000004
2024-10-29 17:20:33,DI-245,1,K,-199.99782400000004
2024-10-29 17:20:33,DI-245,1,K,-199.99782400000004
2024-10-29 17:20:33,DI-245,1,K,-199.99782400000004
2024-10-29 17:20:33,DI-245,0,K,-199.99782400000004
2024-10-29 17:20:33,DI-245,0,K,-199.99782400000004
2024-10-29 17:20:33,DI-245,0,K,-199.99782400000004
2024-10-29 17:20:33,DI-245,0,K,-199.99782400000004
2024-10-29 17:20:33,DI-1100,0,CH-0,0.05859375
2024-10-29 17:20:33,DI-1100,0,CH-1,0.0537109375
2024-10-29 17:20:33,DI-1100,0,CH-2,0.0146484375
2024-10-29 17:20:33,DI-1100,0,CH-3,0.0146484375
2024-10-29 17:20:34,DI-1100,0,CH-0,0.05859375
2024-10-29 17:20:34,DI-1100,0,CH-1,0.048828125
2024-10-29 17:20:34,DI-1100,0,CH-2,0.009765625
2024-10-29 17:20:34,DI-1100,0,CH-3,0.009765625
2024-10-29 17:20:34,DI-1100,0,CH-0,0.078125
2024-10-29 17:20:34,DI-1100,0,CH-1,0.0537109375
2024-10-29 17:20:34,DI-1100,0,CH-2,0.0048828125
2024-10-29 17:20:34,DI-1100,0,CH-3,0.0146484375
2024-10-29 17:20:34,DI-1100,0,CH-0,0.078125
2024-10-29 17:20:34,DI-1100,0,CH-1,0.0634765625
2024-10-29 17:20:34,DI-1100,0,CH-2,0.0048828125
2024-10-29 17:20:34,DI-1100,0,CH-3,0.01953125
2024-10-29 17:20:34,DI-1100,0,CH-0,0.078125
2024-10-29 17:20:34,DI-1100,0,CH-1,0.0439453125
2024-10-29 17:20:34,DI-1100,0,CH-2,0.009765625
2024-10-29 17:20:34,DI-1100,0,CH-3,0.0244140625
2024-10-29 17:20:34,DI-245,1,K,-199.99782400000004
2024-10-29 17:20:34,DI-245,1,K,-199.99782400000004
2024-10-29 17:20:34,DI-245,1,K,-199.99782400000004
2024-10-29 17:20:34,DI-245,1,K,-199.99782400000004
2024-10-29 17:20:34,DI-245,0,K,-199.99782400000004
2024-10-29 17:20:34,DI-245,0,K,-199.99782400000004
2024-10-29 17:20:34,DI-245,0,K,-199.99782400000004
2024-10-29 17:20:34,DI-245,0,K,-199.99782400000004
2024-10-29 17:20:34,DI-1100,0,CH-0,0.078125
2024-10-29 17:20:34,DI-1100,0,CH-1,0.01953125
2024-10-29 17:20:34,DI-1100,0,CH-2,0.0146484375
2024-10-29 17:20:34,DI-1100,0,CH-3,0.0146484375
2024-10-29 17:20:34,DI-1100,0,CH-0,0.05859375
2024-10-29 17:20:34,DI-1100,0,CH-1,0.0048828125
2024-10-29 17:20:34,DI-1100,0,CH-2,0.0146484375
2024-10-29 17:20:34,DI-1100,0,CH-3,0.0048828125
2024-10-29 17:20:34,DI-1100,0,CH-0,0.0390625
2024-10-29 17:20:34,DI-1100,0,CH-1,-0.0048828125
2024-10-29 17:20:34,DI-1100,0,CH-2,0.009765625
2024-10-29 17:20:34,DI-1100,0,CH-3,0.0048828125
2024-10-29 17:20:34,DI-1100,0,CH-0,0.0390625
2024-10-29 17:20:34,DI-1100,0,CH-1,-0.0048828125
2024-10-29 17:20:34,DI-1100,0,CH-2,0.0048828125
2024-10-29 17:20:34,DI-1100,0,CH-3,0.0146484375
2024-10-29 17:20:34,DI-245,1,K,-199.99782400000004
2024-10-29 17:20:34,DI-245,1,K,-199.99782400000004
2024-10-29 17:20:34,DI-245,1,K,-199.99782400000004
2024-10-29 17:20:34,DI-245,1,K,-199.99782400000004
2024-10-29 17:20:34,DI-245,0,K,-199.99782400000004
2024-10-29 17:20:34,DI-245,0,K,-199.99782400000004
2024-10-29 17:20:34,DI-245,0,K,-199.99782400000004
2024-10-29 17:20:34,DI-245,0,K,-199.99782400000004
2024-10-29 17:20:34,DI-1100,0,CH-0,0.0390625
2024-10-29 17:20:34,DI-1100,0,CH-1,-0.0048828125
2024-10-29 17:20:34,DI-1100,0,CH-2,0.0048828125
2024-10-29 17:20:34,DI-1100,0,CH-3,0.0146484375
2024-10-29 17:20:35,DI-1100,0,CH-0,0.0390625
2024-10-29 17:20:35,DI-1100,0,CH-1,0.0
2024-10-29 17:20:35,DI-1100,0,CH-2,0.0146484375
2024-10-29 17:20:35,DI-1100,0,CH-3,0.009765625
2024-10-29 17:20:35,DI-1100,0,CH-0,0.05859375
2024-10-29 17:20:35,DI-1100,0,CH-1,0.009765625
2024-10-29 17:20:35,DI-1100,0,CH-2,0.0146484375
2024-10-29 17:20:35,DI-1100,0,CH-3,0.0
2024-10-29 17:20:35,DI-1100,0,CH-0,0.05859375
2024-10-29 17:20:35,DI-1100,0,CH-1,0.0146484375
2024-10-29 17:20:35,DI-1100,0,CH-2,0.0146484375
2024-10-29 17:20:35,DI-1100,0,CH-3,0.0
2024-10-29 17:20:35,DI-1100,0,CH-0,0.05859375
2024-10-29 17:20:35,DI-1100,0,CH-1,0.009765625
2024-10-29 17:20:35,DI-1100,0,CH-2,0.009765625
2024-10-29 17:20:35,DI-1100,0,CH-3,0.0048828125
2024-10-29 17:20:35,DI-245,1,K,-199.99782400000004
2024-10-29 17:20:35,DI-245,1,K,-199.99782400000004
2024-10-29 17:20:35,DI-245,1,K,-199.99782400000004
2024-10-29 17:20:35,DI-245,1,K,-199.99782400000004
2024-10-29 17:20:35,DI-245,0,K,-199.99782400000004
2024-10-29 17:20:35,DI-245,0,K,-199.99782400000004
2024-10-29 17:20:35,DI-245,0,K,-199.99782400000004
2024-10-29 17:20:35,DI-245,0,K,-199.99782400000004
2024-10-29 17:20:35,DI-1100,0,CH-0,0.05859375
2024-10-29 17:20:35,DI-1100,0,CH-1,-0.0048828125
2024-10-29 17:20:35,DI-1100,0,CH-2,0.009765625
2024-10-29 17:20:35,DI-1100,0,CH-3,0.009765625
2024-10-29 17:20:35,DI-1100,0,CH-0,0.0390625
2024-10-29 17:20:35,DI-1100,0,CH-1,-0.0048828125
2024-10-29 17:20:35,DI-1100,0,CH-2,0.0048828125
2024-10-29 17:20:35,DI-1100,0,CH-3,0.009765625
2024-10-29 17:20:35,DI-1100,0,CH-0,0.01953125
2024-10-29 17:20:35,DI-1100,0,CH-1,-0.0048828125
2024-10-29 17:20:35,DI-1100,0,CH-2,0.0
2024-10-29 17:20:35,DI-1100,0,CH-3,0.0048828125
2024-10-29 17:20:35,DI-1100,0,CH-0,0.0
2024-10-29 17:20:35,DI-1100,0,CH-1,-0.0048828125
2024-10-29 17:20:35,DI-1100,0,CH-2,0.0048828125
2024-10-29 17:20:35,DI-1100,0,CH-3,-0.0048828125
2024-10-29 17:20:35,DI-1100,0,CH-0,0.0
2024-10-29 17:20:35,DI-1100,0,CH-1,-0.0048828125
2024-10-29 17:20:35,DI-1100,0,CH-2,0.009765625
2024-10-29 17:20:35,DI-1100,0,CH-3,-0.009765625
2024-10-29 17:20:35,DI-245,1,K,-199.99782400000004
2024-10-29 17:20:35,DI-245,1,K,-199.99782400000004
2024-10-29 17:20:35,DI-245,1,K,-199.99782400000004
2024-10-29 17:20:35,DI-245,1,K,-199.99782400000004
2024-10-29 17:20:35,DI-245,0,K,-199.99782400000004
2024-10-29 17:20:35,DI-245,0,K,-199.99782400000004
2024-10-29 17:20:35,DI-245,0,K,-199.99782400000004
2024-10-29 17:20:35,DI-245,0,K,-199.99782400000004
2024-10-29 17:20:36,DI-1100,0,CH-0,0.0
2024-10-29 17:20:36,DI-1100,0,CH-1,-0.0048828125
2024-10-29 17:20:36,DI-1100,0,CH-2,0.0048828125
2024-10-29 17:20:36,DI-1100,0,CH-3,-0.009765625
2024-10-29 17:20:36,DI-1100,0,CH-0,0.0
2024-10-29 17:20:36,DI-1100,0,CH-1,0.0048828125
2024-10-29 17:20:36,DI-1100,0,CH-2,-0.0048828125
2024-10-29 17:20:36,DI-1100,0,CH-3,0.0
2024-10-29 17:20:36,DI-1100,0,CH-0,-0.01953125
2024-10-29 17:20:36,DI-1100,0,CH-1,0.009765625
2024-10-29 17:20:36,DI-1100,0,CH-2,-0.0048828125
2024-10-29 17:20:36,DI-1100,0,CH-3,0.009765625
2024-10-29 17:20:36,DI-1100,0,CH-0,0.0
2024-10-29 17:20:36,DI-1100,0,CH-1,0.0
2024-10-29 17:20:36,DI-1100,0,CH-2,-0.0048828125
2024-10-29 17:20:36,DI-1100,0,CH-3,0.009765625
2024-10-29 17:20:36,DI-245,1,K,-199.99782400000004
2024-10-29 17:20:36,DI-245,1,K,-199.99782400000004
2024-10-29 17:20:36,DI-245,1,K,-199.99782400000004
2024-10-29 17:20:36,DI-245,1,K,-199.99782400000004
2024-10-29 17:20:36,DI-245,0,K,-199.99782400000004
2024-10-29 17:20:36,DI-245,0,K,-199.99782400000004
2024-10-29 17:20:36,DI-245,0,K,-199.99782400000004
2024-10-29 17:20:36,DI-245,0,K,-199.99782400000004
2024-10-29 17:20:36,DI-1100,0,CH-0,0.0
2024-10-29 17:20:36,DI-1100,0,CH-1,-0.0146484375
2024-10-29 17:20:36,DI-1100,0,CH-2,-0.009765625
2024-10-29 17:20:36,DI-1100,0,CH-3,0.0146484375
2024-10-29 17:20:36,DI-1100,0,CH-0,0.0
2024-10-29 17:20:36,DI-1100,0,CH-1,-0.01953125
2024-10-29 17:20:36,DI-1100,0,CH-2,-0.01953125
2024-10-29 17:20:36,DI-1100,0,CH-3,0.0146484375
2024-10-29 17:20:36,DI-1100,0,CH-0,0.0
2024-10-29 17:20:36,DI-1100,0,CH-1,-0.009765625
2024-10-29 17:20:36,DI-1100,0,CH-2,-0.01953125
2024-10-29 17:20:36,DI-1100,0,CH-3,0.0146484375
2024-10-29 17:20:36,DI-1100,0,CH-0,0.0
2024-10-29 17:20:36,DI-1100,0,CH-1,-0.009765625
2024-10-29 17:20:36,DI-1100,0,CH-2,-0.0146484375
2024-10-29 17:20:36,DI-1100,0,CH-3,0.0146484375
2024-10-29 17:20:36,DI-1100,0,CH-0,0.0
2024-10-29 17:20:36,DI-1100,0,CH-1,-0.0146484375
2024-10-29 17:20:36,DI-1100,0,CH-2,-0.009765625
2024-10-29 17:20:36,DI-1100,0,CH-3,0.009765625
2024-10-29 17:20:36,DI-245,1,K,-199.99782400000004
2024-10-29 17:20:36,DI-245,1,K,-199.99782400000004
2024-10-29 17:20:36,DI-245,1,K,-199.99782400000004
2024-10-29 17:20:36,DI-245,1,K,-199.99782400000004
2024-10-29 17:20:36,DI-245,0,K,-199.99782400000004
2024-10-29 17:20:36,DI-245,0,K,-199.99782400000004
2024-10-29 17:20:36,DI-245,0,K,-199.99782400000004
2024-10-29 17:20:36,DI-245,0,K,-199.99782400000004
2024-10-29 17:20:37,DI-1100,0,CH-0,0.0
2024-10-29 17:20:37,DI-1100,0,CH-1,-0.01953125
2024-10-29 17:20:37,DI-1100,0,CH-2,-0.0048828125
2024-10-29 17:20:37,DI-1100,0,CH-3,0.0048828125
2024-10-29 17:20:37,DI-1100,0,CH-0,0.0
2024-10-29 17:20:37,DI-1100,0,CH-1,-0.01953125
2024-10-29 17:20:37,DI-1100,0,CH-2,0.0
2024-10-29 17:20:37,DI-1100,0,CH-3,0.0048828125
2024-10-29 17:20:37,DI-1100,0,CH-0,0.0
2024-10-29 17:20:37,DI-1100,0,CH-1,-0.01953125
2024-10-29 17:20:37,DI-1100,0,CH-2,0.0
2024-10-29 17:20:37,DI-1100,0,CH-3,0.0
2024-10-29 17:20:37,DI-1100,0,CH-0,0.0
2024-10-29 17:20:37,DI-1100,0,CH-1,-0.0244140625
2024-10-29 17:20:37,DI-1100,0,CH-2,-0.009765625
2024-10-29 17:20:37,DI-1100,0,CH-3,-0.0048828125
2024-10-29 17:20:37,DI-245,1,K,-199.99782400000004
2024-10-29 17:20:37,DI-245,1,K,-199.99782400000004
2024-10-29 17:20:37,DI-245,1,K,-199.99782400000004
2024-10-29 17:20:37,DI-245,1,K,-199.99782400000004
2024-10-29 17:20:37,DI-245,0,K,-199.99782400000004
2024-10-29 17:20:37,DI-245,0,K,-199.99782400000004
2024-10-29 17:20:37,DI-245,0,K,-199.99782400000004
2024-10-29 17:20:37,DI-245,0,K,-199.99782400000004
2024-10-29 17:20:37,DI-1100,0,CH-0,0.0
2024-10-29 17:20:37,DI-1100,0,CH-1,-0.01953125
2024-10-29 17:20:37,DI-1100,0,CH-2,-0.009765625
2024-10-29 17:20:37,DI-1100,0,CH-3,-0.0048828125
2024-10-29 17:20:37,DI-1100,0,CH-0,0.0
2024-10-29 17:20:37,DI-1100,0,CH-1,-0.0146484375
2024-10-29 17:20:37,DI-1100,0,CH-2,-0.0146484375
2024-10-29 17:20:37,DI-1100,0,CH-3,0.0
2024-10-29 17:20:37,DI-1100,0,CH-0,0.0
2024-10-29 17:20:37,DI-1100,0,CH-1,-0.009765625
2024-10-29 17:20:37,DI-1100,0,CH-2,-0.01953125
2024-10-29 17:20:37,DI-1100,0,CH-3,0.0
2024-10-29 17:20:37,DI-1100,0,CH-0,0.0
2024-10-29 17:20:37,DI-1100,0,CH-1,-0.01953125
2024-10-29 17:20:37,DI-1100,0,CH-2,-0.01953125
2024-10-29 17:20:37,DI-1100,0,CH-3,0.0048828125
2024-10-29 17:20:37,DI-1100,0,CH-0,-0.01953125
2024-10-29 17:20:37,DI-1100,0,CH-1,-0.0341796875
2024-10-29 17:20:37,DI-1100,0,CH-2,-0.009765625
2024-10-29 17:20:37,DI-1100,0,CH-3,0.0
2024-10-29 17:20:37,DI-245,1,K,-199.99782400000004
2024-10-29 17:20:37,DI-245,1,K,-199.99782400000004
2024-10-29 17:20:37,DI-245,1,K,-199.99782400000004
2024-10-29 17:20:37,DI-245,1,K,-199.99782400000004
2024-10-29 17:20:37,DI-245,0,K,-199.99782400000004
2024-10-29 17:20:37,DI-245,0,K,-199.99782400000004
2024-10-29 17:20:37,DI-245,0,K,-199.99782400000004
2024-10-29 17:20:37,DI-245,0,K,-199.99782400000004
2024-10-29 17:20:38,DI-1100,0,CH-0,-0.01953125
2024-10-29 17:20:38,DI-1100,0,CH-1,-0.0341796875
2024-10-29 17:20:38,DI-1100,0,CH-2,-0.0048828125
2024-10-29 17:20:38,DI-1100,0,CH-3,0.0
2024-10-29 17:20:38,DI-1100,0,CH-0,-0.01953125
2024-10-29 17:20:38,DI-1100,0,CH-1,-0.01953125
2024-10-29 17:20:38,DI-1100,0,CH-2,-0.0048828125
2024-10-29 17:20:38,DI-1100,0,CH-3,0.0048828125
2024-10-29 17:20:38,DI-1100,0,CH-0,-0.01953125
2024-10-29 17:20:38,DI-1100,0,CH-1,-0.0048828125
2024-10-29 17:20:38,DI-1100,0,CH-2,-0.0048828125
2024-10-29 17:20:38,DI-1100,0,CH-3,0.0146484375
2024-10-29 17:20:38,DI-1100,0,CH-0,-0.01953125
2024-10-29 17:20:38,DI-1100,0,CH-1,0.0048828125
2024-10-29 17:20:38,DI-1100,0,CH-2,-0.0048828125
2024-10-29 17:20:38,DI-1100,0,CH-3,0.0146484375
2024-10-29 17:20:38,DI-245,1,K,-199.99782400000004
2024-10-29 17:20:38,DI-245,1,K,-199.99782400000004
2024-10-29 17:20:38,DI-245,1,K,-199.99782400000004
2024-10-29 17:20:38,DI-245,1,K,-199.99782400000004
2024-10-29 17:20:38,DI-245,0,K,-199.99782400000004
2024-10-29 17:20:38,DI-245,0,K,-199.99782400000004
2024-10-29 17:20:38,DI-245,0,K,-199.99782400000004
2024-10-29 17:20:38,DI-245,0,K,-199.99782400000004
2024-10-29 17:20:38,DI-1100,0,CH-0,-0.01953125
2024-10-29 17:20:38,DI-1100,0,CH-1,0.0048828125
2024-10-29 17:20:38,DI-1100,0,CH-2,-0.009765625
2024-10-29 17:20:38,DI-1100,0,CH-3,0.0146484375
2024-10-29 17:20:38,DI-1100,0,CH-0,-0.01953125
2024-10-29 17:20:38,DI-1100,0,CH-1,0.0
2024-10-29 17:20:38,DI-1100,0,CH-2,-0.009765625
2024-10-29 17:20:38,DI-1100,0,CH-3,0.0048828125
2024-10-29 17:20:38,DI-1100,0,CH-0,-0.01953125
2024-10-29 17:20:38,DI-1100,0,CH-1,-0.0048828125
2024-10-29 17:20:38,DI-1100,0,CH-2,-0.009765625
2024-10-29 17:20:38,DI-1100,0,CH-3,0.0
2024-10-29 17:20:38,DI-1100,0,CH-0,-0.01953125
2024-10-29 17:20:38,DI-1100,0,CH-1,-0.0048828125
2024-10-29 17:20:38,DI-1100,0,CH-2,-0.009765625
2024-10-29 17:20:38,DI-1100,0,CH-3,-0.0048828125
2024-10-29 17:20:38,DI-1100,0,CH-0,-0.01953125
2024-10-29 17:20:38,DI-1100,0,CH-1,-0.0048828125
2024-10-29 17:20:38,DI-1100,0,CH-2,-0.0048828125
2024-10-29 17:20:38,DI-1100,0,CH-3,-0.0048828125
2024-10-29 17:20:38,DI-245,1,K,-199.99782400000004
2024-10-29 17:20:38,DI-245,1,K,-199.99782400000004
2024-10-29 17:20:38,DI-245,1,K,-199.99782400000004
2024-10-29 17:20:38,DI-245,1,K,-199.99782400000004
2024-10-29 17:20:38,DI-245,0,K,-199.99782400000004
2024-10-29 17:20:38,DI-245,0,K,-199.99782400000004
2024-10-29 17:20:38,DI-245,0,K,-199.99782400000004
2024-10-29 17:20:38,DI-245,0,K,-199.99782400000004
2024-10-29 17:20:39,DI-1100,0,CH-0,-0.0390625
2024-10-29 17:20:39,DI-1100,0,CH-1,-0.0048828125
2024-10-29 17:20:39,DI-1100,0,CH-2,-0.009765625
2024-10-29 17:20:39,DI-1100,0,CH-3,-0.0048828125
2024-10-29 17:20:39,DI-1100,0,CH-0,-0.0390625
2024-10-29 17:20:39,DI-1100,0,CH-1,-0.0146484375
2024-10-29 17:20:39,DI-1100,0,CH-2,-0.0146484375
2024-10-29 17:20:39,DI-1100,0,CH-3,-0.0048828125
2024-10-29 17:20:39,DI-1100,0,CH-0,-0.0390625
2024-10-29 17:20:39,DI-1100,0,CH-1,-0.0244140625
2024-10-29 17:20:39,DI-1100,0,CH-2,-0.0146484375
2024-10-29 17:20:39,DI-1100,0,CH-3,-0.0048828125
2024-10-29 17:20:39,DI-1100,0,CH-0,-0.01953125
2024-10-29 17:20:39,DI-1100,0,CH-1,-0.0390625
2024-10-29 17:20:39,DI-1100,0,CH-2,-0.009765625
2024-10-29 17:20:39,DI-1100,0,CH-3,0.0
2024-10-29 17:20:39,DI-245,1,K,-199.99782400000004
2024-10-29 17:20:39,DI-245,1,K,-199.99782400000004
2024-10-29 17:20:39,DI-245,1,K,-199.99782400000004
2024-10-29 17:20:39,DI-245,1,K,-199.99782400000004
2024-10-29 17:20:39,DI-245,0,K,-199.99782400000004
2024-10-29 17:20:39,DI-245,0,K,-199.99782400000004
2024-10-29 17:20:39,DI-245,0,K,-199.99782400000004
2024-10-29 17:20:39,DI-245,0,K,-199.99782400000004
2024-10-29 17:20:39,DI-1100,0,CH-0,0.0
2024-10-29 17:20:39,DI-1100,0,CH-1,-0.0341796875
2024-10-29 17:20:39,DI-1100,0,CH-2,-0.0048828125
2024-10-29 17:20:39,DI-1100,0,CH-3,0.009765625
2024-10-29 17:20:39,DI-1100,0,CH-0,-0.01953125
2024-10-29 17:20:39,DI-1100,0,CH-1,-0.01953125
2024-10-29 17:20:39,DI-1100,0,CH-2,-0.0048828125
2024-10-29 17:20:39,DI-1100,0,CH-3,0.0244140625
2024-10-29 17:20:39,DI-1100,0,CH-0,-0.01953125
2024-10-29 17:20:39,DI-1100,0,CH-1,-0.0146484375
2024-10-29 17:20:39,DI-1100,0,CH-2,-0.009765625
2024-10-29 17:20:39,DI-1100,0,CH-3,0.0341796875
2024-10-29 17:20:39,DI-1100,0,CH-0,-0.01953125
2024-10-29 17:20:39,DI-1100,0,CH-1,-0.009765625
2024-10-29 17:20:39,DI-1100,0,CH-2,-0.009765625
2024-10-29 17:20:39,DI-1100,0,CH-3,0.0341796875
2024-10-29 17:20:39,DI-1100,0,CH-0,-0.01953125
2024-10-29 17:20:39,DI-1100,0,CH-1,-0.0146484375
2024-10-29 17:20:39,DI-1100,0,CH-2,0.0
2024-10-29 17:20:39,DI-1100,0,CH-3,0.0244140625
2024-10-29 17:20:39,DI-245,1,K,-199.99782400000004
2024-10-29 17:20:39,DI-245,1,K,-199.99782400000004
2024-10-29 17:20:39,DI-245,1,K,-199.99782400000004
2024-10-29 17:20:39,DI-245,1,K,-199.99782400000004
2024-10-29 17:20:39,DI-245,0,K,-199.99782400000004
2024-10-29 17:20:39,DI-245,0,K,-199.99782400000004
2024-10-29 17:20:39,DI-245,0,K,-199.99782400000004
2024-10-29 17:20:39,DI-245,0,K,-199.99782400000004
2024-10-29 17:20:40,DI-1100,0,CH-0,-0.01953125
2024-10-29 17:20:40,DI-1100,0,CH-1,-0.01953125
2024-10-29 17:20:40,DI-1100,0,CH-2,0.0
2024-10-29 17:20:40,DI-1100,0,CH-3,0.01953125
2024-10-29 17:20:40,DI-1100,0,CH-0,-0.01953125
2024-10-29 17:20:40,DI-1100,0,CH-1,-0.01953125
2024-10-29 17:20:40,DI-1100,0,CH-2,0.0048828125
2024-10-29 17:20:40,DI-1100,0,CH-3,0.0146484375
2024-10-29 17:20:40,DI-1100,0,CH-0,-0.01953125
2024-10-29 17:20:40,DI-1100,0,CH-1,-0.01953125
2024-10-29 17:20:40,DI-1100,0,CH-2,0.0048828125
2024-10-29 17:20:40,DI-1100,0,CH-3,0.0146484375
2024-10-29 17:20:40,DI-1100,0,CH-0,-0.01953125
2024-10-29 17:20:40,DI-1100,0,CH-1,-0.0146484375
2024-10-29 17:20:40,DI-1100,0,CH-2,0.0048828125
2024-10-29 17:20:40,DI-1100,0,CH-3,0.0146484375
2024-10-29 17:20:40,DI-1100,0,CH-0,-0.0390625
2024-10-29 17:20:40,DI-1100,0,CH-1,-0.0146484375
2024-10-29 17:20:40,DI-1100,0,CH-2,0.0048828125
2024-10-29 17:20:40,DI-1100,0,CH-3,0.01953125
2024-10-29 17:20:40,DI-245,1,K,-199.99782400000004
2024-10-29 17:20:40,DI-245,1,K,-199.99782400000004
2024-10-29 17:20:40,DI-245,1,K,-199.99782400000004
2024-10-29 17:20:40,DI-245,1,K,-199.99782400000004
2024-10-29 17:20:40,DI-245,0,K,-199.99782400000004
2024-10-29 17:20:40,DI-245,0,K,-199.99782400000004
2024-10-29 17:20:40,DI-245,0,K,-199.99782400000004
2024-10-29 17:20:40,DI-245,0,K,-199.99782400000004
2024-10-29 17:20:40,DI-1100,0,CH-0,-0.0390625
2024-10-29 17:20:40,DI-1100,0,CH-1,-0.0146484375
2024-10-29 17:20:40,DI-1100,0,CH-2,0.0
2024-10-29 17:20:40,DI-1100,0,CH-3,0.01953125
2024-10-29 17:20:40,DI-1100,0,CH-0,-0.0390625
2024-10-29 17:20:40,DI-1100,0,CH-1,-0.0146484375
2024-10-29 17:20:40,DI-1100,0,CH-2,0.0
2024-10-29 17:20:40,DI-1100,0,CH-3,0.0244140625
2024-10-29 17:20:40,DI-1100,0,CH-0,-0.0390625
2024-10-29 17:20:40,DI-1100,0,CH-1,-0.0146484375
2024-10-29 17:20:40,DI-1100,0,CH-2,0.0048828125
2024-10-29 17:20:40,DI-1100,0,CH-3,0.01953125
2024-10-29 17:20:40,DI-1100,0,CH-0,-0.0390625
2024-10-29 17:20:40,DI-1100,0,CH-1,-0.01953125
2024-10-29 17:20:40,DI-1100,0,CH-2,0.0048828125
2024-10-29 17:20:40,DI-1100,0,CH-3,0.0146484375
2024-10-29 17:20:40,DI-245,1,K,-199.99782400000004
2024-10-29 17:20:40,DI-245,1,K,-199.99782400000004
2024-10-29 17:20:40,DI-245,1,K,-199.99782400000004
2024-10-29 17:20:40,DI-245,1,K,-199.99782400000004
2024-10-29 17:20:40,DI-245,0,K,-199.99782400000004
2024-10-29 17:20:40,DI-245,0,K,-199.99782400000004
2024-10-29 17:20:40,DI-245,0,K,-199.99782400000004
2024-10-29 17:20:40,DI-245,0,K,-199.99782400000004
2024-10-29 17:20:40,DI-1100,0,CH-0,-0.01953125
2024-10-29 17:20:40,DI-1100,0,CH-1,-0.0244140625
2024-10-29 17:20:40,DI-1100,0,CH-2,0.0
2024-10-29 17:20:40,DI-1100,0,CH-3,0.009765625
2024-10-29 17:20:41,DI-1100,0,CH-0,-0.01953125
2024-10-29 17:20:41,DI-1100,0,CH-1,-0.0390625
2024-10-29 17:20:41,DI-1100,0,CH-2,-0.0146484375
2024-10-29 17:20:41,DI-1100,0,CH-3,0.01953125
2024-10-29 17:20:41,DI-1100,0,CH-0,-0.01953125
2024-10-29 17:20:41,DI-1100,0,CH-1,-0.0439453125
2024-10-29 17:20:41,DI-1100,0,CH-2,-0.0146484375
2024-10-29 17:20:41,DI-1100,0,CH-3,0.0244140625
2024-10-29 17:20:41,DI-1100,0,CH-0,-0.01953125
2024-10-29 17:20:41,DI-1100,0,CH-1,-0.0341796875
2024-10-29 17:20:41,DI-1100,0,CH-2,-0.0146484375
2024-10-29 17:20:41,DI-1100,0,CH-3,0.01953125
2024-10-29 17:20:41,DI-1100,0,CH-0,-0.01953125
2024-10-29 17:20:41,DI-1100,0,CH-1,-0.0146484375
2024-10-29 17:20:41,DI-1100,0,CH-2,-0.009765625
2024-10-29 17:20:41,DI-1100,0,CH-3,0.009765625
2024-10-29 17:20:41,DI-245,1,K,-199.99782400000004
2024-10-29 17:20:41,DI-245,1,K,-199.99782400000004
2024-10-29 17:20:41,DI-245,1,K,-199.99782400000004
2024-10-29 17:20:41,DI-245,1,K,-199.99782400000004
2024-10-29 17:20:41,DI-245,0,K,-199.99782400000004
2024-10-29 17:20:41,DI-245,0,K,-199.99782400000004
2024-10-29 17:20:41,DI-245,0,K,-199.99782400000004
2024-10-29 17:20:41,DI-245,0,K,-199.99782400000004
2024-10-29 17:20:41,DI-1100,0,CH-0,-0.01953125
2024-10-29 17:20:41,DI-1100,0,CH-1,-0.0048828125
2024-10-29 17:20:41,DI-1100,0,CH-2,-0.009765625
2024-10-29 17:20:41,DI-1100,0,CH-3,0.0048828125
2024-10-29 17:20:41,DI-1100,0,CH-0,-0.01953125
2024-10-29 17:20:41,DI-1100,0,CH-1,-0.0048828125
2024-10-29 17:20:41,DI-1100,0,CH-2,-0.0048828125
2024-10-29 17:20:41,DI-1100,0,CH-3,0.0048828125
2024-10-29 17:20:41,DI-1100,0,CH-0,-0.01953125
2024-10-29 17:20:41,DI-1100,0,CH-1,-0.009765625
2024-10-29 17:20:41,DI-1100,0,CH-2,0.009765625
2024-10-29 17:20:41,DI-1100,0,CH-3,0.009765625
2024-10-29 17:20:41,DI-1100,0,CH-0,-0.01953125
2024-10-29 17:20:41,DI-1100,0,CH-1,-0.0146484375
2024-10-29 17:20:41,DI-1100,0,CH-2,0.01953125
2024-10-29 17:20:41,DI-1100,0,CH-3,0.0146484375
2024-10-29 17:20:41,DI-245,1,K,-199.99782400000004
2024-10-29 17:20:41,DI-245,1,K,-199.99782400000004
2024-10-29 17:20:41,DI-245,1,K,-199.99782400000004
2024-10-29 17:20:41,DI-245,1,K,-199.99782400000004
2024-10-29 17:20:41,DI-245,0,K,-199.99782400000004
2024-10-29 17:20:41,DI-245,0,K,-199.99782400000004
2024-10-29 17:20:41,DI-245,0,K,-199.99782400000004
2024-10-29 17:20:41,DI-245,0,K,-199.99782400000004
2024-10-29 17:20:41,DI-1100,0,CH-0,-0.01953125
2024-10-29 17:20:41,DI-1100,0,CH-1,-0.0146484375
2024-10-29 17:20:41,DI-1100,0,CH-2,0.0146484375
2024-10-29 17:20:41,DI-1100,0,CH-3,0.0146484375
2024-10-29 17:20:42,DI-1100,0,CH-0,-0.01953125
2024-10-29 17:20:42,DI-1100,0,CH-1,-0.0146484375
2024-10-29 17:20:42,DI-1100,0,CH-2,0.0048828125
2024-10-29 17:20:42,DI-1100,0,CH-3,0.0146484375
2024-10-29 17:20:42,DI-1100,0,CH-0,-0.01953125
2024-10-29 17:20:42,DI-1100,0,CH-1,-0.009765625
2024-10-29 17:20:42,DI-1100,0,CH-2,0.009765625
2024-10-29 17:20:42,DI-1100,0,CH-3,0.0146484375
2024-10-29 17:20:42,DI-1100,0,CH-0,-0.01953125
2024-10-29 17:20:42,DI-1100,0,CH-1,-0.009765625
2024-10-29 17:20:42,DI-1100,0,CH-2,0.01953125
2024-10-29 17:20:42,DI-1100,0,CH-3,0.01953125
2024-10-29 17:20:42,DI-1100,0,CH-0,-0.01953125
2024-10-29 17:20:42,DI-1100,0,CH-1,-0.0048828125
2024-10-29 17:20:42,DI-1100,0,CH-2,0.0244140625
2024-10-29 17:20:42,DI-1100,0,CH-3,0.0341796875
2024-10-29 17:20:42,DI-245,1,K,-199.99782400000004
2024-10-29 17:20:42,DI-245,1,K,-199.99782400000004
2024-10-29 17:20:42,DI-245,1,K,-199.99782400000004
2024-10-29 17:20:42,DI-245,1,K,-199.99782400000004
2024-10-29 17:20:42,DI-245,0,K,-199.99782400000004
2024-10-29 17:20:42,DI-245,0,K,-199.99782400000004
2024-10-29 17:20:42,DI-245,0,K,-199.99782400000004
2024-10-29 17:20:42,DI-245,0,K,-199.99782400000004
2024-10-29 17:20:42,DI-1100,0,CH-0,-0.01953125
2024-10-29 17:20:42,DI-1100,0,CH-1,0.0
2024-10-29 17:20:42,DI-1100,0,CH-2,0.0146484375
2024-10-29 17:20:42,DI-1100,0,CH-3,0.0390625
2024-10-29 17:20:42,DI-1100,0,CH-0,-0.01953125
2024-10-29 17:20:42,DI-1100,0,CH-1,0.0048828125
2024-10-29 17:20:42,DI-1100,0,CH-2,0.009765625
2024-10-29 17:20:42,DI-1100,0,CH-3,0.0341796875
2024-10-29 17:20:42,DI-1100,0,CH-0,-0.01953125
2024-10-29 17:20:42,DI-1100,0,CH-1,0.0048828125
2024-10-29 17:20:42,DI-1100,0,CH-2,0.009765625
2024-10-29 17:20:42,DI-1100,0,CH-3,0.01953125
2024-10-29 17:20:42,DI-1100,0,CH-0,-0.01953125
2024-10-29 17:20:42,DI-1100,0,CH-1,0.0
2024-10-29 17:20:42,DI-1100,0,CH-2,0.0146484375
2024-10-29 17:20:42,DI-1100,0,CH-3,0.009765625
2024-10-29 17:20:42,DI-245,1,K,-199.99782400000004
2024-10-29 17:20:42,DI-245,1,K,-199.99782400000004
2024-10-29 17:20:42,DI-245,1,K,-199.99782400000004
2024-10-29 17:20:42,DI-245,1,K,-199.99782400000004
2024-10-29 17:20:42,DI-245,0,K,-199.99782400000004
2024-10-29 17:20:42,DI-245,0,K,-199.99782400000004
2024-10-29 17:20:42,DI-245,0,K,-199.99782400000004
2024-10-29 17:20:42,DI-245,0,K,-199.99782400000004
2024-10-29 17:20:42,DI-1100,0,CH-0,-0.01953125
2024-10-29 17:20:42,DI-1100,0,CH-1,0.0
2024-10-29 17:20:42,DI-1100,0,CH-2,0.01953125
2024-10-29 17:20:42,DI-1100,0,CH-3,0.009765625
2024-10-29 17:20:43,DI-1100,0,CH-0,-0.0390625
2024-10-29 17:20:43,DI-1100,0,CH-1,0.0
2024-10-29 17:20:43,DI-1100,0,CH-2,0.01953125
2024-10-29 17:20:43,DI-1100,0,CH-3,0.009765625
2024-10-29 17:20:43,DI-1100,0,CH-0,-0.0390625
2024-10-29 17:20:43,DI-1100,0,CH-1,0.0048828125
2024-10-29 17:20:43,DI-1100,0,CH-2,0.0146484375
2024-10-29 17:20:43,DI-1100,0,CH-3,0.0146484375
2024-10-29 17:20:43,DI-1100,0,CH-0,-0.01953125
2024-10-29 17:20:43,DI-1100,0,CH-1,0.0048828125
2024-10-29 17:20:43,DI-1100,0,CH-2,0.01953125
2024-10-29 17:20:43,DI-1100,0,CH-3,0.0146484375
2024-10-29 17:20:43,DI-1100,0,CH-0,-0.01953125
2024-10-29 17:20:43,DI-1100,0,CH-1,0.009765625
2024-10-29 17:20:43,DI-1100,0,CH-2,0.0244140625
2024-10-29 17:20:43,DI-1100,0,CH-3,0.0146484375
2024-10-29 17:20:43,DI-245,1,K,-199.99782400000004
2024-10-29 17:20:43,DI-245,1,K,-199.99782400000004
2024-10-29 17:20:43,DI-245,1,K,-199.99782400000004
2024-10-29 17:20:43,DI-245,1,K,-199.99782400000004
2024-10-29 17:20:43,DI-245,0,K,-199.99782400000004
2024-10-29 17:20:43,DI-245,0,K,-199.99782400000004
2024-10-29 17:20:43,DI-245,0,K,-199.99782400000004
2024-10-29 17:20:43,DI-245,0,K,-199.99782400000004
2024-10-29 17:20:43,DI-1100,0,CH-0,-0.01953125
2024-10-29 17:20:43,DI-1100,0,CH-1,0.009765625
2024-10-29 17:20:43,DI-1100,0,CH-2,0.0244140625
2024-10-29 17:20:43,DI-1100,0,CH-3,0.0146484375
2024-10-29 17:20:43,DI-1100,0,CH-0,-0.01953125
2024-10-29 17:20:43,DI-1100,0,CH-1,0.0048828125
2024-10-29 17:20:43,DI-1100,0,CH-2,0.01953125
2024-10-29 17:20:43,DI-1100,0,CH-3,0.01953125
2024-10-29 17:20:43,DI-1100,0,CH-0,-0.01953125
2024-10-29 17:20:43,DI-1100,0,CH-1,0.0
2024-10-29 17:20:43,DI-1100,0,CH-2,0.0146484375
2024-10-29 17:20:43,DI-1100,0,CH-3,0.0341796875
2024-10-29 17:20:43,DI-1100,0,CH-0,-0.01953125
2024-10-29 17:20:43,DI-1100,0,CH-1,0.0
2024-10-29 17:20:43,DI-1100,0,CH-2,0.009765625
2024-10-29 17:20:43,DI-1100,0,CH-3,0.0390625
2024-10-29 17:20:43,DI-245,1,K,-199.99782400000004
2024-10-29 17:20:43,DI-245,1,K,-199.99782400000004
2024-10-29 17:20:43,DI-245,1,K,-199.99782400000004
2024-10-29 17:20:43,DI-245,1,K,-199.99782400000004
2024-10-29 17:20:43,DI-245,0,K,-199.99782400000004
2024-10-29 17:20:43,DI-245,0,K,-199.99782400000004
2024-10-29 17:20:43,DI-245,0,K,-199.99782400000004
2024-10-29 17:20:43,DI-245,0,K,-199.99782400000004
2024-10-29 17:20:43,DI-1100,0,CH-0,-0.01953125
2024-10-29 17:20:43,DI-1100,0,CH-1,-0.009765625
2024-10-29 17:20:43,DI-1100,0,CH-2,0.0048828125
2024-10-29 17:20:43,DI-1100,0,CH-3,0.0341796875
2024-10-29 17:20:44,DI-1100,0,CH-0,-0.01953125
2024-10-29 17:20:44,DI-1100,0,CH-1,-0.009765625
2024-10-29 17:20:44,DI-1100,0,CH-2,0.0048828125
2024-10-29 17:20:44,DI-1100,0,CH-3,0.0244140625
2024-10-29 17:20:44,DI-1100,0,CH-0,-0.01953125
2024-10-29 17:20:44,DI-1100,0,CH-1,0.0
2024-10-29 17:20:44,DI-1100,0,CH-2,0.0048828125
2024-10-29 17:20:44,DI-1100,0,CH-3,0.01953125
2024-10-29 17:20:44,DI-1100,0,CH-0,-0.01953125
2024-10-29 17:20:44,DI-1100,0,CH-1,0.009765625
2024-10-29 17:20:44,DI-1100,0,CH-2,0.0146484375
2024-10-29 17:20:44,DI-1100,0,CH-3,0.01953125
2024-10-29 17:20:44,DI-1100,0,CH-0,-0.01953125
2024-10-29 17:20:44,DI-1100,0,CH-1,0.009765625
2024-10-29 17:20:44,DI-1100,0,CH-2,0.0341796875
2024-10-29 17:20:44,DI-1100,0,CH-3,0.01953125
2024-10-29 17:20:44,DI-245,1,K,-199.99782400000004
2024-10-29 17:20:44,DI-245,1,K,-199.99782400000004
2024-10-29 17:20:44,DI-245,1,K,-199.99782400000004
2024-10-29 17:20:44,DI-245,1,K,-199.99782400000004
2024-10-29 17:20:44,DI-245,0,K,-199.99782400000004
2024-10-29 17:20:44,DI-245,0,K,-199.99782400000004
2024-10-29 17:20:44,DI-245,0,K,-199.99782400000004
2024-10-29 17:20:44,DI-245,0,K,-199.99782400000004
2024-10-29 17:20:44,DI-1100,0,CH-0,0.0
2024-10-29 17:20:44,DI-1100,0,CH-1,0.0
2024-10-29 17:20:44,DI-1100,0,CH-2,0.0341796875
2024-10-29 17:20:44,DI-1100,0,CH-3,0.0244140625
2024-10-29 17:20:44,DI-1100,0,CH-0,0.0
2024-10-29 17:20:44,DI-1100,0,CH-1,0.0
2024-10-29 17:20:44,DI-1100,0,CH-2,0.0244140625
2024-10-29 17:20:44,DI-1100,0,CH-3,0.0244140625
2024-10-29 17:20:44,DI-1100,0,CH-0,0.0
2024-10-29 17:20:44,DI-1100,0,CH-1,0.009765625
2024-10-29 17:20:44,DI-1100,0,CH-2,0.0244140625
2024-10-29 17:20:44,DI-1100,0,CH-3,0.0244140625
2024-10-29 17:20:44,DI-1100,0,CH-0,0.0
2024-10-29 17:20:44,DI-1100,0,CH-1,0.009765625
2024-10-29 17:20:44,DI-1100,0,CH-2,0.0244140625
2024-10-29 17:20:44,DI-1100,0,CH-3,0.0341796875
2024-10-29 17:20:44,DI-245,1,K,-199.99782400000004
2024-10-29 17:20:44,DI-245,1,K,-199.99782400000004
2024-10-29 17:20:44,DI-245,1,K,-199.99782400000004
2024-10-29 17:20:44,DI-245,1,K,-199.99782400000004
2024-10-29 17:20:44,DI-245,0,K,-199.99782400000004
2024-10-29 17:20:44,DI-245,0,K,-199.99782400000004
2024-10-29 17:20:44,DI-245,0,K,-199.99782400000004
2024-10-29 17:20:44,DI-245,0,K,-199.99782400000004
2024-10-29 17:20:44,DI-1100,0,CH-0,0.0
2024-10-29 17:20:44,DI-1100,0,CH-1,0.0048828125
2024-10-29 17:20:44,DI-1100,0,CH-2,0.0146484375
2024-10-29 17:20:44,DI-1100,0,CH-3,0.0341796875
2024-10-29 17:20:45,DI-1100,0,CH-0,-0.01953125
2024-10-29 17:20:45,DI-1100,0,CH-1,-0.009765625
2024-10-29 17:20:45,DI-1100,0,CH-2,0.0048828125
2024-10-29 17:20:45,DI-1100,0,CH-3,0.0244140625
2024-10-29 17:20:45,DI-1100,0,CH-0,-0.01953125
2024-10-29 17:20:45,DI-1100,0,CH-1,-0.009765625
2024-10-29 17:20:45,DI-1100,0,CH-2,0.0
2024-10-29 17:20:45,DI-1100,0,CH-3,0.009765625
2024-10-29 17:20:45,DI-1100,0,CH-0,0.0
2024-10-29 17:20:45,DI-1100,0,CH-1,0.0
2024-10-29 17:20:45,DI-1100,0,CH-2,0.0048828125
2024-10-29 17:20:45,DI-1100,0,CH-3,0.0048828125
2024-10-29 17:20:45,DI-1100,0,CH-0,0.0
2024-10-29 17:20:45,DI-1100,0,CH-1,0.009765625
2024-10-29 17:20:45,DI-1100,0,CH-2,0.009765625
2024-10-29 17:20:45,DI-1100,0,CH-3,0.01953125
2024-10-29 17:20:45,DI-245,0,K,-199.99782400000004
2024-10-29 17:20:45,DI-245,0,K,-199.99782400000004
2024-10-29 17:20:45,DI-245,0,K,-199.99782400000004
2024-10-29 17:20:45,DI-245,0,K,-199.99782400000004
2024-10-29 17:20:45,DI-245,1,K,-199.99782400000004
2024-10-29 17:20:45,DI-245,1,K,-199.99782400000004
2024-10-29 17:20:45,DI-245,1,K,-199.99782400000004
2024-10-29 17:20:45,DI-245,1,K,-199.99782400000004
2024-10-29 17:20:45,DI-1100,0,CH-0,-0.01953125
2024-10-29 17:20:45,DI-1100,0,CH-1,0.0146484375
2024-10-29 17:20:45,DI-1100,0,CH-2,0.01953125
2024-10-29 17:20:45,DI-1100,0,CH-3,0.0341796875
2024-10-29 17:20:45,DI-1100,0,CH-0,-0.01953125
2024-10-29 17:20:45,DI-1100,0,CH-1,0.0146484375
2024-10-29 17:20:45,DI-1100,0,CH-2,0.0244140625
2024-10-29 17:20:45,DI-1100,0,CH-3,0.0341796875
2024-10-29 17:20:45,DI-1100,0,CH-0,0.0
2024-10-29 17:20:45,DI-1100,0,CH-1,0.01953125
2024-10-29 17:20:45,DI-1100,0,CH-2,0.0341796875
2024-10-29 17:20:45,DI-1100,0,CH-3,0.0244140625
2024-10-29 17:20:45,DI-1100,0,CH-0,0.0
2024-10-29 17:20:45,DI-1100,0,CH-1,0.0146484375
2024-10-29 17:20:45,DI-1100,0,CH-2,0.0244140625
2024-10-29 17:20:45,DI-1100,0,CH-3,0.01953125
2024-10-29 17:20:45,DI-1100,0,CH-0,0.0
2024-10-29 17:20:45,DI-1100,0,CH-1,0.0048828125
2024-10-29 17:20:45,DI-1100,0,CH-2,0.01953125
2024-10-29 17:20:45,DI-1100,0,CH-3,0.01953125
2024-10-29 17:20:45,DI-245,1,K,-199.99782400000004
2024-10-29 17:20:45,DI-245,1,K,-199.99782400000004
2024-10-29 17:20:45,DI-245,1,K,-199.99782400000004
2024-10-29 17:20:45,DI-245,1,K,-199.99782400000004
2024-10-29 17:20:45,DI-245,0,K,-199.99782400000004
2024-10-29 17:20:45,DI-245,0,K,-199.99782400000004
2024-10-29 17:20:45,DI-245,0,K,-199.99782400000004
2024-10-29 17:20:45,DI-245,0,K,-199.99782400000004
2024-10-29 17:20:46,DI-1100,0,CH-0,0.0
2024-10-29 17:20:46,DI-1100,0,CH-1,0.0048828125
2024-10-29 17:20:46,DI-1100,0,CH-2,0.01953125
2024-10-29 17:20:46,DI-1100,0,CH-3,0.01953125
2024-10-29 17:20:46,DI-1100,0,CH-0,0.0
2024-10-29 17:20:46,DI-1100,0,CH-1,0.0
2024-10-29 17:20:46,DI-1100,0,CH-2,0.01953125
2024-10-29 17:20:46,DI-1100,0,CH-3,0.01953125
2024-10-29 17:20:46,DI-1100,0,CH-0,0.0
2024-10-29 17:20:46,DI-1100,0,CH-1,-0.0048828125
2024-10-29 17:20:46,DI-1100,0,CH-2,0.0341796875
2024-10-29 17:20:46,DI-1100,0,CH-3,0.0244140625
2024-10-29 17:20:46,DI-1100,0,CH-0,-0.01953125
2024-10-29 17:20:46,DI-1100,0,CH-1,-0.0048828125
2024-10-29 17:20:46,DI-1100,0,CH-2,0.0390625
2024-10-29 17:20:46,DI-1100,0,CH-3,0.0244140625
2024-10-29 17:20:46,DI-245,1,K,-199.99782400000004
2024-10-29 17:20:46,DI-245,1,K,-199.99782400000004
2024-10-29 17:20:46,DI-245,1,K,-199.99782400000004
2024-10-29 17:20:46,DI-245,1,K,-199.99782400000004
2024-10-29 17:20:46,DI-245,0,K,-199.99782400000004
2024-10-29 17:20:46,DI-245,0,K,-199.99782400000004
2024-10-29 17:20:46,DI-245,0,K,-199.99782400000004
2024-10-29 17:20:46,DI-245,0,K,-199.99782400000004
2024-10-29 17:20:46,DI-1100,0,CH-0,-0.01953125
2024-10-29 17:20:46,DI-1100,0,CH-1,-0.0048828125
2024-10-29 17:20:46,DI-1100,0,CH-2,0.0341796875
2024-10-29 17:20:46,DI-1100,0,CH-3,0.01953125
2024-10-29 17:20:46,DI-1100,0,CH-0,-0.01953125
2024-10-29 17:20:46,DI-1100,0,CH-1,0.0
2024-10-29 17:20:46,DI-1100,0,CH-2,0.01953125
2024-10-29 17:20:46,DI-1100,0,CH-3,0.009765625
2024-10-29 17:20:46,DI-1100,0,CH-0,-0.01953125
2024-10-29 17:20:46,DI-1100,0,CH-1,0.0048828125
2024-10-29 17:20:46,DI-1100,0,CH-2,0.009765625
2024-10-29 17:20:46,DI-1100,0,CH-3,0.0048828125
2024-10-29 17:20:46,DI-1100,0,CH-0,0.0
2024-10-29 17:20:46,DI-1100,0,CH-1,0.009765625
2024-10-29 17:20:46,DI-1100,0,CH-2,0.009765625
2024-10-29 17:20:46,DI-1100,0,CH-3,0.0048828125
2024-10-29 17:20:46,DI-1100,0,CH-0,0.0
2024-10-29 17:20:46,DI-1100,0,CH-1,0.0146484375
2024-10-29 17:20:46,DI-1100,0,CH-2,0.009765625
2024-10-29 17:20:46,DI-1100,0,CH-3,0.009765625
2024-10-29 17:20:46,DI-245,1,K,-199.99782400000004
2024-10-29 17:20:46,DI-245,1,K,-199.99782400000004
2024-10-29 17:20:46,DI-245,1,K,-199.99782400000004
2024-10-29 17:20:46,DI-245,1,K,-199.99782400000004
2024-10-29 17:20:46,DI-245,0,K,-199.99782400000004
2024-10-29 17:20:46,DI-245,0,K,-199.99782400000004
2024-10-29 17:20:46,DI-245,0,K,-199.99782400000004
2024-10-29 17:20:46,DI-245,0,K,-199.99782400000004
2024-10-29 17:20:47,DI-1100,0,CH-0,0.0
2024-10-29 17:20:47,DI-1100,0,CH-1,0.01953125
2024-10-29 17:20:47,DI-1100,0,CH-2,0.01953125
2024-10-29 17:20:47,DI-1100,0,CH-3,0.01953125
2024-10-29 17:20:47,DI-1100,0,CH-0,0.01953125
2024-10-29 17:20:47,DI-1100,0,CH-1,0.009765625
2024-10-29 17:20:47,DI-1100,0,CH-2,0.01953125
2024-10-29 17:20:47,DI-1100,0,CH-3,0.0244140625
2024-10-29 17:20:47,DI-1100,0,CH-0,0.01953125
2024-10-29 17:20:47,DI-1100,0,CH-1,-0.0048828125
2024-10-29 17:20:47,DI-1100,0,CH-2,0.0146484375
2024-10-29 17:20:47,DI-1100,0,CH-3,0.0341796875
2024-10-29 17:20:47,DI-1100,0,CH-0,0.01953125
2024-10-29 17:20:47,DI-1100,0,CH-1,-0.0146484375
2024-10-29 17:20:47,DI-1100,0,CH-2,0.0
2024-10-29 17:20:47,DI-1100,0,CH-3,0.0341796875
2024-10-29 17:20:47,DI-245,0,K,-199.99782400000004
2024-10-29 17:20:47,DI-245,0,K,-199.99782400000004
2024-10-29 17:20:47,DI-245,0,K,-199.99782400000004
2024-10-29 17:20:47,DI-245,0,K,-199.99782400000004
2024-10-29 17:20:47,DI-1100,0,CH-0,0.01953125
2024-10-29 17:20:47,DI-1100,0,CH-1,-0.0244140625
2024-10-29 17:20:47,DI-1100,0,CH-2,-0.0048828125
2024-10-29 17:20:47,DI-1100,0,CH-3,0.0341796875
2024-10-29 17:20:47,DI-245,1,K,-199.99782400000004
2024-10-29 17:20:47,DI-245,1,K,-199.99782400000004
2024-10-29 17:20:47,DI-245,1,K,-199.99782400000004
2024-10-29 17:20:47,DI-245,1,K,-199.99782400000004
2024-10-29 17:20:47,DI-1100,0,CH-0,0.01953125
2024-10-29 17:20:47,DI-1100,0,CH-1,-0.0146484375
2024-10-29 17:20:47,DI-1100,0,CH-2,0.0048828125
2024-10-29 17:20:47,DI-1100,0,CH-3,0.0341796875
2024-10-29 17:20:47,DI-1100,0,CH-0,0.0
2024-10-29 17:20:47,DI-1100,0,CH-1,0.0048828125
2024-10-29 17:20:47,DI-1100,0,CH-2,0.0146484375
2024-10-29 17:20:47,DI-1100,0,CH-3,0.0390625
2024-10-29 17:20:47,DI-1100,0,CH-0,0.0
2024-10-29 17:20:47,DI-1100,0,CH-1,0.01953125
2024-10-29 17:20:47,DI-1100,0,CH-2,0.01953125
2024-10-29 17:20:47,DI-1100,0,CH-3,0.0341796875
2024-10-29 17:20:47,DI-1100,0,CH-0,0.0
2024-10-29 17:20:47,DI-1100,0,CH-1,0.01953125
2024-10-29 17:20:47,DI-1100,0,CH-2,0.0146484375
2024-10-29 17:20:47,DI-1100,0,CH-3,0.0244140625
2024-10-29 17:20:47,DI-245,1,K,-199.99782400000004
2024-10-29 17:20:47,DI-245,1,K,-199.99782400000004
2024-10-29 17:20:47,DI-245,1,K,-199.99782400000004
2024-10-29 17:20:47,DI-245,1,K,-199.99782400000004
2024-10-29 17:20:47,DI-245,0,K,-199.99782400000004
2024-10-29 17:20:47,DI-245,0,K,-199.99782400000004
2024-10-29 17:20:47,DI-245,0,K,-199.99782400000004
2024-10-29 17:20:47,DI-245,0,K,-199.99782400000004
2024-10-29 17:20:48,DI-1100,0,CH-0,0.01953125
2024-10-29 17:20:48,DI-1100,0,CH-1,0.01953125
2024-10-29 17:20:48,DI-1100,0,CH-2,0.0146484375
2024-10-29 17:20:48,DI-1100,0,CH-3,0.01953125
2024-10-29 17:20:48,DI-1100,0,CH-0,0.01953125
2024-10-29 17:20:48,DI-1100,0,CH-1,0.01953125
2024-10-29 17:20:48,DI-1100,0,CH-2,0.0146484375
2024-10-29 17:20:48,DI-1100,0,CH-3,0.0146484375
2024-10-29 17:20:48,DI-1100,0,CH-0,0.0
2024-10-29 17:20:48,DI-1100,0,CH-1,0.0146484375
2024-10-29 17:20:48,DI-1100,0,CH-2,0.0146484375
2024-10-29 17:20:48,DI-1100,0,CH-3,0.0146484375
2024-10-29 17:20:48,DI-1100,0,CH-0,0.0
2024-10-29 17:20:48,DI-1100,0,CH-1,0.0146484375
2024-10-29 17:20:48,DI-1100,0,CH-2,0.01953125
2024-10-29 17:20:48,DI-1100,0,CH-3,0.0146484375
2024-10-29 17:20:48,DI-1100,0,CH-0,0.0
2024-10-29 17:20:48,DI-1100,0,CH-1,0.009765625
2024-10-29 17:20:48,DI-1100,0,CH-2,0.01953125
2024-10-29 17:20:48,DI-1100,0,CH-3,0.01953125
2024-10-29 17:20:48,DI-245,1,K,-199.99782400000004
2024-10-29 17:20:48,DI-245,1,K,-199.99782400000004
2024-10-29 17:20:48,DI-245,1,K,-199.99782400000004
2024-10-29 17:20:48,DI-245,1,K,-199.99782400000004
2024-10-29 17:20:48,DI-245,0,K,-199.99782400000004
2024-10-29 17:20:48,DI-245,0,K,-199.99782400000004
2024-10-29 17:20:48,DI-245,0,K,-199.99782400000004
2024-10-29 17:20:48,DI-245,0,K,-199.99782400000004
2024-10-29 17:20:48,DI-1100,0,CH-0,0.0
2024-10-29 17:20:48,DI-1100,0,CH-1,0.009765625
2024-10-29 17:20:48,DI-1100,0,CH-2,0.01953125
2024-10-29 17:20:48,DI-1100,0,CH-3,0.0244140625
2024-10-29 17:20:48,DI-1100,0,CH-0,-0.01953125
2024-10-29 17:20:48,DI-1100,0,CH-1,0.009765625
2024-10-29 17:20:48,DI-1100,0,CH-2,0.0244140625
2024-10-29 17:20:48,DI-1100,0,CH-3,0.0341796875
2024-10-29 17:20:48,DI-1100,0,CH-0,-0.01953125
2024-10-29 17:20:48,DI-1100,0,CH-1,0.0048828125
2024-10-29 17:20:48,DI-1100,0,CH-2,0.0341796875
2024-10-29 17:20:48,DI-1100,0,CH-3,0.0244140625
2024-10-29 17:20:48,DI-1100,0,CH-0,0.0
2024-10-29 17:20:48,DI-1100,0,CH-1,0.0048828125
2024-10-29 17:20:48,DI-1100,0,CH-2,0.0341796875
2024-10-29 17:20:48,DI-1100,0,CH-3,0.01953125
2024-10-29 17:20:48,DI-245,1,K,-199.99782400000004
2024-10-29 17:20:48,DI-245,1,K,-199.99782400000004
2024-10-29 17:20:48,DI-245,1,K,-199.99782400000004
2024-10-29 17:20:48,DI-245,1,K,-199.99782400000004
2024-10-29 17:20:48,DI-245,0,K,-199.99782400000004
2024-10-29 17:20:48,DI-245,0,K,-199.99782400000004
2024-10-29 17:20:48,DI-245,0,K,-199.99782400000004
2024-10-29 17:20:48,DI-245,0,K,-199.99782400000004
2024-10-29 17:20:48,DI-1100,0,CH-0,0.0
2024-10-29 17:20:48,DI-1100,0,CH-1,-0.0048828125
2024-10-29 17:20:48,DI-1100,0,CH-2,0.0146484375
2024-10-29 17:20:48,DI-1100,0,CH-3,0.01953125
2024-10-29 17:20:49,DI-1100,0,CH-0,0.0
2024-10-29 17:20:49,DI-1100,0,CH-1,-0.0048828125
2024-10-29 17:20:49,DI-1100,0,CH-2,0.009765625
2024-10-29 17:20:49,DI-1100,0,CH-3,0.0341796875
2024-10-29 17:20:49,DI-1100,0,CH-0,-0.01953125
2024-10-29 17:20:49,DI-1100,0,CH-1,0.0
2024-10-29 17:20:49,DI-1100,0,CH-2,0.009765625
2024-10-29 17:20:49,DI-1100,0,CH-3,0.0341796875
2024-10-29 17:20:49,DI-1100,0,CH-0,-0.01953125
2024-10-29 17:20:49,DI-1100,0,CH-1,0.009765625
2024-10-29 17:20:49,DI-1100,0,CH-2,0.009765625
2024-10-29 17:20:49,DI-1100,0,CH-3,0.0341796875
2024-10-29 17:20:49,DI-1100,0,CH-0,0.0
2024-10-29 17:20:49,DI-1100,0,CH-1,0.0146484375
2024-10-29 17:20:49,DI-1100,0,CH-2,0.009765625
2024-10-29 17:20:49,DI-1100,0,CH-3,0.0244140625
2024-10-29 17:20:49,DI-245,0,K,-199.99782400000004
2024-10-29 17:20:49,DI-245,0,K,-199.99782400000004
2024-10-29 17:20:49,DI-245,0,K,-199.99782400000004
2024-10-29 17:20:49,DI-245,0,K,-199.99782400000004
2024-10-29 17:20:49,DI-245,1,K,-199.99782400000004
2024-10-29 17:20:49,DI-245,1,K,-199.99782400000004
2024-10-29 17:20:49,DI-245,1,K,-199.99782400000004
2024-10-29 17:20:49,DI-245,1,K,-199.99782400000004
2024-10-29 17:20:49,DI-1100,0,CH-0,0.0
2024-10-29 17:20:49,DI-1100,0,CH-1,0.01953125
2024-10-29 17:20:49,DI-1100,0,CH-2,0.01953125
2024-10-29 17:20:49,DI-1100,0,CH-3,0.0244140625
2024-10-29 17:20:49,DI-1100,0,CH-0,0.01953125
2024-10-29 17:20:49,DI-1100,0,CH-1,0.0146484375
2024-10-29 17:20:49,DI-1100,0,CH-2,0.0244140625
2024-10-29 17:20:49,DI-1100,0,CH-3,0.01953125
2024-10-29 17:20:49,DI-1100,0,CH-0,0.01953125
2024-10-29 17:20:49,DI-1100,0,CH-1,0.0146484375
2024-10-29 17:20:49,DI-1100,0,CH-2,0.0390625
2024-10-29 17:20:49,DI-1100,0,CH-3,0.0244140625
2024-10-29 17:20:49,DI-1100,0,CH-0,0.0
2024-10-29 17:20:49,DI-1100,0,CH-1,0.01953125
2024-10-29 17:20:49,DI-1100,0,CH-2,0.0439453125
2024-10-29 17:20:49,DI-1100,0,CH-3,0.0390625
2024-10-29 17:20:49,DI-245,1,K,-199.99782400000004
2024-10-29 17:20:49,DI-245,1,K,-199.99782400000004
2024-10-29 17:20:49,DI-245,1,K,-199.99782400000004
2024-10-29 17:20:49,DI-245,1,K,-199.99782400000004
2024-10-29 17:20:49,DI-245,0,K,-199.99782400000004
2024-10-29 17:20:49,DI-245,0,K,-199.99782400000004
2024-10-29 17:20:49,DI-245,0,K,-199.99782400000004
2024-10-29 17:20:49,DI-245,0,K,-199.99782400000004
2024-10-29 17:20:49,DI-1100,0,CH-0,0.0
2024-10-29 17:20:49,DI-1100,0,CH-1,0.01953125
2024-10-29 17:20:49,DI-1100,0,CH-2,0.0390625
2024-10-29 17:20:49,DI-1100,0,CH-3,0.0439453125
2024-10-29 17:20:50,DI-1100,0,CH-0,0.0
2024-10-29 17:20:50,DI-1100,0,CH-1,0.01953125
2024-10-29 17:20:50,DI-1100,0,CH-2,0.0341796875
2024-10-29 17:20:50,DI-1100,0,CH-3,0.0390625
2024-10-29 17:20:50,DI-1100,0,CH-0,0.01953125
2024-10-29 17:20:50,DI-1100,0,CH-1,0.0244140625
2024-10-29 17:20:50,DI-1100,0,CH-2,0.01953125
2024-10-29 17:20:50,DI-1100,0,CH-3,0.0244140625
2024-10-29 17:20:50,DI-1100,0,CH-0,0.01953125
2024-10-29 17:20:50,DI-1100,0,CH-1,0.01953125
2024-10-29 17:20:50,DI-1100,0,CH-2,0.01953125
2024-10-29 17:20:50,DI-1100,0,CH-3,0.0244140625
2024-10-29 17:20:50,DI-1100,0,CH-0,0.01953125
2024-10-29 17:20:50,DI-1100,0,CH-1,0.0146484375
2024-10-29 17:20:50,DI-1100,0,CH-2,0.01953125
2024-10-29 17:20:50,DI-1100,0,CH-3,0.0244140625
2024-10-29 17:20:50,DI-245,1,K,-199.99782400000004
2024-10-29 17:20:50,DI-245,1,K,-199.99782400000004
2024-10-29 17:20:50,DI-245,1,K,-199.99782400000004
2024-10-29 17:20:50,DI-245,1,K,-199.99782400000004
2024-10-29 17:20:50,DI-245,0,K,-199.99782400000004
2024-10-29 17:20:50,DI-245,0,K,-199.99782400000004
2024-10-29 17:20:50,DI-245,0,K,-199.99782400000004
2024-10-29 17:20:50,DI-245,0,K,-199.99782400000004
2024-10-29 17:20:50,DI-1100,0,CH-0,0.01953125
2024-10-29 17:20:50,DI-1100,0,CH-1,0.009765625
2024-10-29 17:20:50,DI-1100,0,CH-2,0.01953125
2024-10-29 17:20:50,DI-1100,0,CH-3,0.0341796875
2024-10-29 17:20:50,DI-1100,0,CH-0,0.0
2024-10-29 17:20:50,DI-1100,0,CH-1,0.0
2024-10-29 17:20:50,DI-1100,0,CH-2,0.0146484375
2024-10-29 17:20:50,DI-1100,0,CH-3,0.0390625
2024-10-29 17:20:50,DI-1100,0,CH-0,0.0
2024-10-29 17:20:50,DI-1100,0,CH-1,-0.0048828125
2024-10-29 17:20:50,DI-1100,0,CH-2,0.009765625
2024-10-29 17:20:50,DI-1100,0,CH-3,0.0341796875
2024-10-29 17:20:50,DI-1100,0,CH-0,0.0
2024-10-29 17:20:50,DI-1100,0,CH-1,-0.0048828125
2024-10-29 17:20:50,DI-1100,0,CH-2,0.0048828125
2024-10-29 17:20:50,DI-1100,0,CH-3,0.0244140625
2024-10-29 17:20:50,DI-1100,0,CH-0,0.01953125
2024-10-29 17:20:50,DI-1100,0,CH-1,0.0
2024-10-29 17:20:50,DI-1100,0,CH-2,0.0146484375
2024-10-29 17:20:50,DI-1100,0,CH-3,0.0390625
2024-10-29 17:20:50,DI-245,1,K,-199.99782400000004
2024-10-29 17:20:50,DI-245,1,K,-199.99782400000004
2024-10-29 17:20:50,DI-245,1,K,-199.99782400000004
2024-10-29 17:20:50,DI-245,1,K,-199.99782400000004
2024-10-29 17:20:50,DI-245,0,K,-199.99782400000004
2024-10-29 17:20:50,DI-245,0,K,-199.99782400000004
2024-10-29 17:20:50,DI-245,0,K,-199.99782400000004
2024-10-29 17:20:50,DI-245,0,K,-199.99782400000004
2024-10-29 17:20:51,DI-1100,0,CH-0,0.01953125
2024-10-29 17:20:51,DI-1100,0,CH-1,0.0146484375
2024-10-29 17:20:51,DI-1100,0,CH-2,0.01953125
2024-10-29 17:20:51,DI-1100,0,CH-3,0.048828125
2024-10-29 17:20:51,DI-1100,0,CH-0,0.0
2024-10-29 17:20:51,DI-1100,0,CH-1,0.0244140625
2024-10-29 17:20:51,DI-1100,0,CH-2,0.0244140625
2024-10-29 17:20:51,DI-1100,0,CH-3,0.0537109375
2024-10-29 17:20:51,DI-1100,0,CH-0,0.0
2024-10-29 17:20:51,DI-1100,0,CH-1,0.0244140625
2024-10-29 17:20:51,DI-1100,0,CH-2,0.0341796875
2024-10-29 17:20:51,DI-1100,0,CH-3,0.0537109375
2024-10-29 17:20:51,DI-1100,0,CH-0,0.0
2024-10-29 17:20:51,DI-1100,0,CH-1,0.01953125
2024-10-29 17:20:51,DI-1100,0,CH-2,0.0244140625
2024-10-29 17:20:51,DI-1100,0,CH-3,0.0439453125
2024-10-29 17:20:51,DI-245,1,K,-199.99782400000004
2024-10-29 17:20:51,DI-245,1,K,-199.99782400000004
2024-10-29 17:20:51,DI-245,1,K,-199.99782400000004
2024-10-29 17:20:51,DI-245,1,K,-199.99782400000004
2024-10-29 17:20:51,DI-245,0,K,-199.99782400000004
2024-10-29 17:20:51,DI-245,0,K,-199.99782400000004
2024-10-29 17:20:51,DI-245,0,K,-199.99782400000004
2024-10-29 17:20:51,DI-245,0,K,-199.99782400000004
2024-10-29 17:20:51,DI-1100,0,CH-0,0.01953125
2024-10-29 17:20:51,DI-1100,0,CH-1,0.0146484375
2024-10-29 17:20:51,DI-1100,0,CH-2,0.01953125
2024-10-29 17:20:51,DI-1100,0,CH-3,0.0390625
2024-10-29 17:20:51,DI-1100,0,CH-0,0.01953125
2024-10-29 17:20:51,DI-1100,0,CH-1,0.0146484375
2024-10-29 17:20:51,DI-1100,0,CH-2,0.0146484375
2024-10-29 17:20:51,DI-1100,0,CH-3,0.0390625
2024-10-29 17:20:51,DI-1100,0,CH-0,0.0
2024-10-29 17:20:51,DI-1100,0,CH-1,0.01953125
2024-10-29 17:20:51,DI-1100,0,CH-2,0.01953125
2024-10-29 17:20:51,DI-1100,0,CH-3,0.0390625
2024-10-29 17:20:51,DI-1100,0,CH-0,-0.01953125
2024-10-29 17:20:51,DI-1100,0,CH-1,0.01953125
2024-10-29 17:20:51,DI-1100,0,CH-2,0.01953125
2024-10-29 17:20:51,DI-1100,0,CH-3,0.0390625
2024-10-29 17:20:51,DI-1100,0,CH-0,-0.01953125
2024-10-29 17:20:51,DI-1100,0,CH-1,0.01953125
2024-10-29 17:20:51,DI-1100,0,CH-2,0.009765625
2024-10-29 17:20:51,DI-1100,0,CH-3,0.0341796875
2024-10-29 17:20:51,DI-245,1,K,-199.99782400000004
2024-10-29 17:20:51,DI-245,1,K,-199.99782400000004
2024-10-29 17:20:51,DI-245,1,K,-199.99782400000004
2024-10-29 17:20:51,DI-245,1,K,-199.99782400000004
2024-10-29 17:20:51,DI-245,0,K,-199.99782400000004
2024-10-29 17:20:51,DI-245,0,K,-199.99782400000004
2024-10-29 17:20:51,DI-245,0,K,-199.99782400000004
2024-10-29 17:20:51,DI-245,0,K,-199.99782400000004
2024-10-29 17:20:52,DI-1100,0,CH-0,0.0
2024-10-29 17:20:52,DI-1100,0,CH-1,0.01953125
2024-10-29 17:20:52,DI-1100,0,CH-2,0.0048828125
2024-10-29 17:20:52,DI-1100,0,CH-3,0.01953125
2024-10-29 17:20:52,DI-1100,0,CH-0,0.0
2024-10-29 17:20:52,DI-1100,0,CH-1,0.0146484375
2024-10-29 17:20:52,DI-1100,0,CH-2,0.0146484375
2024-10-29 17:20:52,DI-1100,0,CH-3,0.01953125
2024-10-29 17:20:52,DI-1100,0,CH-0,0.0
2024-10-29 17:20:52,DI-1100,0,CH-1,0.009765625
2024-10-29 17:20:52,DI-1100,0,CH-2,0.0341796875
2024-10-29 17:20:52,DI-1100,0,CH-3,0.0244140625
2024-10-29 17:20:52,DI-1100,0,CH-0,0.0
2024-10-29 17:20:52,DI-1100,0,CH-1,0.009765625
2024-10-29 17:20:52,DI-1100,0,CH-2,0.0439453125
2024-10-29 17:20:52,DI-1100,0,CH-3,0.0390625
2024-10-29 17:20:52,DI-245,1,K,-199.99782400000004
2024-10-29 17:20:52,DI-245,1,K,-199.99782400000004
2024-10-29 17:20:52,DI-245,1,K,-199.99782400000004
2024-10-29 17:20:52,DI-245,1,K,-199.99782400000004
2024-10-29 17:20:52,DI-245,0,K,-199.99782400000004
2024-10-29 17:20:52,DI-245,0,K,-199.99782400000004
2024-10-29 17:20:52,DI-245,0,K,-199.99782400000004
2024-10-29 17:20:52,DI-245,0,K,-199.99782400000004
2024-10-29 17:20:52,DI-1100,0,CH-0,0.0
2024-10-29 17:20:52,DI-1100,0,CH-1,0.01953125
2024-10-29 17:20:52,DI-1100,0,CH-2,0.0390625
2024-10-29 17:20:52,DI-1100,0,CH-3,0.0390625
2024-10-29 17:20:52,DI-1100,0,CH-0,-0.01953125
2024-10-29 17:20:52,DI-1100,0,CH-1,0.0341796875
2024-10-29 17:20:52,DI-1100,0,CH-2,0.01953125
2024-10-29 17:20:52,DI-1100,0,CH-3,0.0390625
2024-10-29 17:20:52,DI-1100,0,CH-0,0.0
2024-10-29 17:20:52,DI-1100,0,CH-1,0.0341796875
2024-10-29 17:20:52,DI-1100,0,CH-2,0.009765625
2024-10-29 17:20:52,DI-1100,0,CH-3,0.0341796875
2024-10-29 17:20:52,DI-1100,0,CH-0,0.0
2024-10-29 17:20:52,DI-1100,0,CH-1,0.01953125
2024-10-29 17:20:52,DI-1100,0,CH-2,0.009765625
2024-10-29 17:20:52,DI-1100,0,CH-3,0.0341796875
2024-10-29 17:20:52,DI-1100,0,CH-0,0.0
2024-10-29 17:20:52,DI-1100,0,CH-1,0.01953125
2024-10-29 17:20:52,DI-1100,0,CH-2,0.0146484375
2024-10-29 17:20:52,DI-1100,0,CH-3,0.0439453125
2024-10-29 17:20:52,DI-245,1,K,-199.99782400000004
2024-10-29 17:20:52,DI-245,1,K,-199.99782400000004
2024-10-29 17:20:52,DI-245,1,K,-199.99782400000004
2024-10-29 17:20:52,DI-245,1,K,-199.99782400000004
2024-10-29 17:20:52,DI-245,0,K,-199.99782400000004
2024-10-29 17:20:52,DI-245,0,K,-199.99782400000004
2024-10-29 17:20:52,DI-245,0,K,-199.99782400000004
2024-10-29 17:20:52,DI-245,0,K,-199.99782400000004
2024-10-29 17:20:53,DI-1100,0,CH-0,0.0
2024-10-29 17:20:53,DI-1100,0,CH-1,0.01953125
2024-10-29 17:20:53,DI-1100,0,CH-2,0.009765625
2024-10-29 17:20:53,DI-1100,0,CH-3,0.048828125
2024-10-29 17:20:53,DI-1100,0,CH-0,0.0
2024-10-29 17:20:53,DI-1100,0,CH-1,0.01953125
2024-10-29 17:20:53,DI-1100,0,CH-2,0.009765625
2024-10-29 17:20:53,DI-1100,0,CH-3,0.048828125
2024-10-29 17:20:53,DI-1100,0,CH-0,0.0
2024-10-29 17:20:53,DI-1100,0,CH-1,0.01953125
2024-10-29 17:20:53,DI-1100,0,CH-2,0.009765625
2024-10-29 17:20:53,DI-1100,0,CH-3,0.0341796875
2024-10-29 17:20:53,DI-1100,0,CH-0,0.0
2024-10-29 17:20:53,DI-1100,0,CH-1,0.0146484375
2024-10-29 17:20:53,DI-1100,0,CH-2,0.0146484375
2024-10-29 17:20:53,DI-1100,0,CH-3,0.0244140625
2024-10-29 17:20:53,DI-1100,0,CH-0,-0.01953125
2024-10-29 17:20:53,DI-1100,0,CH-1,0.0048828125
2024-10-29 17:20:53,DI-1100,0,CH-2,0.0244140625
2024-10-29 17:20:53,DI-1100,0,CH-3,0.0390625
2024-10-29 17:20:53,DI-245,1,K,-199.99782400000004
2024-10-29 17:20:53,DI-245,1,K,-199.99782400000004
2024-10-29 17:20:53,DI-245,1,K,-199.99782400000004
2024-10-29 17:20:53,DI-245,1,K,-199.99782400000004
2024-10-29 17:20:53,DI-245,0,K,-199.99782400000004
2024-10-29 17:20:53,DI-245,0,K,-199.99782400000004
2024-10-29 17:20:53,DI-245,0,K,-199.99782400000004
2024-10-29 17:20:53,DI-245,0,K,-199.99782400000004
2024-10-29 17:20:53,DI-1100,0,CH-0,0.0
2024-10-29 17:20:53,DI-1100,0,CH-1,-0.0048828125
2024-10-29 17:20:53,DI-1100,0,CH-2,0.01953125
2024-10-29 17:20:53,DI-1100,0,CH-3,0.0439453125
2024-10-29 17:20:53,DI-1100,0,CH-0,0.0
2024-10-29 17:20:53,DI-1100,0,CH-1,-0.0048828125
2024-10-29 17:20:53,DI-1100,0,CH-2,0.009765625
2024-10-29 17:20:53,DI-1100,0,CH-3,0.0439453125
2024-10-29 17:20:53,DI-1100,0,CH-0,0.0
2024-10-29 17:20:53,DI-1100,0,CH-1,0.0
2024-10-29 17:20:53,DI-1100,0,CH-2,0.0048828125
2024-10-29 17:20:53,DI-1100,0,CH-3,0.0439453125
2024-10-29 17:20:53,DI-1100,0,CH-0,0.0
2024-10-29 17:20:53,DI-1100,0,CH-1,0.0
2024-10-29 17:20:53,DI-1100,0,CH-2,0.0146484375
2024-10-29 17:20:53,DI-1100,0,CH-3,0.0439453125
2024-10-29 17:20:53,DI-245,1,K,-199.99782400000004
2024-10-29 17:20:53,DI-245,1,K,-199.99782400000004
2024-10-29 17:20:53,DI-245,1,K,-199.99782400000004
2024-10-29 17:20:53,DI-245,1,K,-199.99782400000004
2024-10-29 17:20:53,DI-245,0,K,-199.99782400000004
2024-10-29 17:20:53,DI-245,0,K,-199.99782400000004
2024-10-29 17:20:53,DI-245,0,K,-199.99782400000004
2024-10-29 17:20:53,DI-245,0,K,-199.99782400000004
2024-10-29 17:20:54,DI-1100,0,CH-0,0.0
2024-10-29 17:20:54,DI-1100,0,CH-1,0.0
2024-10-29 17:20:54,DI-1100,0,CH-2,0.0146484375
2024-10-29 17:20:54,DI-1100,0,CH-3,0.0537109375
2024-10-29 17:20:54,DI-1100,0,CH-0,0.0
2024-10-29 17:20:54,DI-1100,0,CH-1,0.009765625
2024-10-29 17:20:54,DI-1100,0,CH-2,0.009765625
2024-10-29 17:20:54,DI-1100,0,CH-3,0.0732421875
2024-10-29 17:20:54,DI-1100,0,CH-0,0.0
2024-10-29 17:20:54,DI-1100,0,CH-1,0.0244140625
2024-10-29 17:20:54,DI-1100,0,CH-2,0.0146484375
2024-10-29 17:20:54,DI-1100,0,CH-3,0.0830078125
2024-10-29 17:20:54,DI-1100,0,CH-0,0.0
2024-10-29 17:20:54,DI-1100,0,CH-1,0.01953125
2024-10-29 17:20:54,DI-1100,0,CH-2,0.01953125
2024-10-29 17:20:54,DI-1100,0,CH-3,0.087890625
2024-10-29 17:20:54,DI-1100,0,CH-0,0.0
2024-10-29 17:20:54,DI-1100,0,CH-1,0.0146484375
2024-10-29 17:20:54,DI-1100,0,CH-2,0.01953125
2024-10-29 17:20:54,DI-1100,0,CH-3,0.0830078125
2024-10-29 17:20:54,DI-245,1,K,-199.99782400000004
2024-10-29 17:20:54,DI-245,1,K,-199.99782400000004
2024-10-29 17:20:54,DI-245,1,K,-199.99782400000004
2024-10-29 17:20:54,DI-245,1,K,-199.99782400000004
2024-10-29 17:20:54,DI-245,0,K,-199.99782400000004
2024-10-29 17:20:54,DI-245,0,K,-199.99782400000004
2024-10-29 17:20:54,DI-245,0,K,-199.99782400000004
2024-10-29 17:20:54,DI-245,0,K,-199.99782400000004
2024-10-29 17:20:54,DI-1100,0,CH-0,0.0
2024-10-29 17:20:54,DI-1100,0,CH-1,0.009765625
2024-10-29 17:20:54,DI-1100,0,CH-2,0.009765625
2024-10-29 17:20:54,DI-1100,0,CH-3,0.0732421875
2024-10-29 17:20:54,DI-1100,0,CH-0,0.0
2024-10-29 17:20:54,DI-1100,0,CH-1,0.01953125
2024-10-29 17:20:54,DI-1100,0,CH-2,0.0048828125
2024-10-29 17:20:54,DI-1100,0,CH-3,0.078125
2024-10-29 17:20:54,DI-1100,0,CH-0,0.0
2024-10-29 17:20:54,DI-1100,0,CH-1,0.01953125
2024-10-29 17:20:54,DI-1100,0,CH-2,0.0146484375
2024-10-29 17:20:54,DI-1100,0,CH-3,0.087890625
2024-10-29 17:20:54,DI-1100,0,CH-0,0.01953125
2024-10-29 17:20:54,DI-1100,0,CH-1,0.01953125
2024-10-29 17:20:54,DI-1100,0,CH-2,0.0390625
2024-10-29 17:20:54,DI-1100,0,CH-3,0.09765625
2024-10-29 17:20:54,DI-245,1,K,-199.99782400000004
2024-10-29 17:20:54,DI-245,1,K,-199.99782400000004
2024-10-29 17:20:54,DI-245,1,K,-199.99782400000004
2024-10-29 17:20:54,DI-245,1,K,-199.99782400000004
2024-10-29 17:20:54,DI-245,0,K,-199.99782400000004
2024-10-29 17:20:54,DI-245,0,K,-199.99782400000004
2024-10-29 17:20:54,DI-245,0,K,-199.99782400000004
2024-10-29 17:20:54,DI-245,0,K,-199.99782400000004
2024-10-29 17:20:55,DI-1100,0,CH-0,0.01953125
2024-10-29 17:20:55,DI-1100,0,CH-1,0.0244140625
2024-10-29 17:20:55,DI-1100,0,CH-2,0.048828125
2024-10-29 17:20:55,DI-1100,0,CH-3,0.09765625
2024-10-29 17:20:55,DI-1100,0,CH-0,0.01953125
2024-10-29 17:20:55,DI-1100,0,CH-1,0.0341796875
2024-10-29 17:20:55,DI-1100,0,CH-2,0.0439453125
2024-10-29 17:20:55,DI-1100,0,CH-3,0.09765625
2024-10-29 17:20:55,DI-1100,0,CH-0,0.01953125
2024-10-29 17:20:55,DI-1100,0,CH-1,0.0341796875
2024-10-29 17:20:55,DI-1100,0,CH-2,0.0341796875
2024-10-29 17:20:55,DI-1100,0,CH-3,0.087890625
2024-10-29 17:20:55,DI-1100,0,CH-0,0.01953125
2024-10-29 17:20:55,DI-1100,0,CH-1,0.01953125
2024-10-29 17:20:55,DI-1100,0,CH-2,0.0341796875
2024-10-29 17:20:55,DI-1100,0,CH-3,0.0732421875
2024-10-29 17:20:55,DI-1100,0,CH-0,0.0
2024-10-29 17:20:55,DI-1100,0,CH-1,0.009765625
2024-10-29 17:20:55,DI-1100,0,CH-2,0.0439453125
2024-10-29 17:20:55,DI-1100,0,CH-3,0.0732421875
2024-10-29 17:20:55,DI-245,1,K,-199.99782400000004
2024-10-29 17:20:55,DI-245,1,K,-199.99782400000004
2024-10-29 17:20:55,DI-245,1,K,-199.99782400000004
2024-10-29 17:20:55,DI-245,1,K,-199.99782400000004
2024-10-29 17:20:55,DI-245,0,K,-199.99782400000004
2024-10-29 17:20:55,DI-245,0,K,-199.99782400000004
2024-10-29 17:20:55,DI-245,0,K,-199.99782400000004
2024-10-29 17:20:55,DI-245,0,K,-199.99782400000004
2024-10-29 17:20:55,DI-1100,0,CH-0,0.0
2024-10-29 17:20:55,DI-1100,0,CH-1,0.0
2024-10-29 17:20:55,DI-1100,0,CH-2,0.068359375
2024-10-29 17:20:55,DI-1100,0,CH-3,0.068359375
2024-10-29 17:20:55,DI-1100,0,CH-0,0.0
2024-10-29 17:20:55,DI-1100,0,CH-1,-0.0048828125
2024-10-29 17:20:55,DI-1100,0,CH-2,0.087890625
2024-10-29 17:20:55,DI-1100,0,CH-3,0.068359375
2024-10-29 17:20:55,DI-1100,0,CH-0,0.0
2024-10-29 17:20:55,DI-1100,0,CH-1,0.0
2024-10-29 17:20:55,DI-1100,0,CH-2,0.1025390625
2024-10-29 17:20:55,DI-1100,0,CH-3,0.068359375
2024-10-29 17:20:55,DI-1100,0,CH-0,0.0
2024-10-29 17:20:55,DI-1100,0,CH-1,0.0146484375
2024-10-29 17:20:55,DI-1100,0,CH-2,0.1025390625
2024-10-29 17:20:55,DI-1100,0,CH-3,0.0634765625
2024-10-29 17:20:55,DI-245,1,K,-199.99782400000004
2024-10-29 17:20:55,DI-245,1,K,-199.99782400000004
2024-10-29 17:20:55,DI-245,1,K,-199.99782400000004
2024-10-29 17:20:55,DI-245,1,K,-199.99782400000004
2024-10-29 17:20:55,DI-245,0,K,-199.99782400000004
2024-10-29 17:20:55,DI-245,0,K,-199.99782400000004
2024-10-29 17:20:55,DI-245,0,K,-199.99782400000004
2024-10-29 17:20:55,DI-245,0,K,-199.99782400000004
2024-10-29 17:20:55,DI-1100,0,CH-0,0.0
2024-10-29 17:20:56,DI-1100,0,CH-1,0.01953125
2024-10-29 17:20:56,DI-1100,0,CH-2,0.09765625
2024-10-29 17:20:56,DI-1100,0,CH-3,0.048828125
2024-10-29 17:20:56,DI-1100,0,CH-0,0.0
2024-10-29 17:20:56,DI-1100,0,CH-1,0.0244140625
2024-10-29 17:20:56,DI-1100,0,CH-2,0.09765625
2024-10-29 17:20:56,DI-1100,0,CH-3,0.0341796875
2024-10-29 17:20:56,DI-1100,0,CH-0,0.01953125
2024-10-29 17:20:56,DI-1100,0,CH-1,0.0341796875
2024-10-29 17:20:56,DI-1100,0,CH-2,0.1025390625
2024-10-29 17:20:56,DI-1100,0,CH-3,0.0244140625
2024-10-29 17:20:56,DI-1100,0,CH-0,0.01953125
2024-10-29 17:20:56,DI-1100,0,CH-1,0.0439453125
2024-10-29 17:20:56,DI-1100,0,CH-2,0.087890625
2024-10-29 17:20:56,DI-1100,0,CH-3,0.0390625
2024-10-29 17:20:56,DI-1100,0,CH-0,0.0
2024-10-29 17:20:56,DI-1100,0,CH-1,0.048828125
2024-10-29 17:20:56,DI-1100,0,CH-2,0.0732421875
2024-10-29 17:20:56,DI-1100,0,CH-3,0.0439453125
2024-10-29 17:20:56,DI-245,1,K,-199.99782400000004
2024-10-29 17:20:56,DI-245,1,K,-199.99782400000004
2024-10-29 17:20:56,DI-245,1,K,-199.99782400000004
2024-10-29 17:20:56,DI-245,1,K,-199.99782400000004
2024-10-29 17:20:56,DI-245,0,K,-199.99782400000004
2024-10-29 17:20:56,DI-245,0,K,-199.99782400000004
2024-10-29 17:20:56,DI-245,0,K,-199.99782400000004
2024-10-29 17:20:56,DI-245,0,K,-199.99782400000004
2024-10-29 17:20:56,DI-1100,0,CH-0,0.0
2024-10-29 17:20:56,DI-1100,0,CH-1,0.0634765625
2024-10-29 17:20:56,DI-1100,0,CH-2,0.0634765625
2024-10-29 17:20:56,DI-1100,0,CH-3,0.0390625
2024-10-29 17:20:56,DI-1100,0,CH-0,0.0
2024-10-29 17:20:56,DI-1100,0,CH-1,0.078125
2024-10-29 17:20:56,DI-1100,0,CH-2,0.068359375
2024-10-29 17:20:56,DI-1100,0,CH-3,0.0390625
2024-10-29 17:20:56,DI-1100,0,CH-0,0.0
2024-10-29 17:20:56,DI-1100,0,CH-1,0.09765625
2024-10-29 17:20:56,DI-1100,0,CH-2,0.078125
2024-10-29 17:20:56,DI-1100,0,CH-3,0.048828125
2024-10-29 17:20:56,DI-1100,0,CH-0,0.0
2024-10-29 17:20:56,DI-1100,0,CH-1,0.1025390625
2024-10-29 17:20:56,DI-1100,0,CH-2,0.068359375
2024-10-29 17:20:56,DI-1100,0,CH-3,0.048828125
2024-10-29 17:20:56,DI-245,1,K,-199.99782400000004
2024-10-29 17:20:56,DI-245,1,K,-199.99782400000004
2024-10-29 17:20:56,DI-245,1,K,-199.99782400000004
2024-10-29 17:20:56,DI-245,1,K,-199.99782400000004
2024-10-29 17:20:56,DI-245,0,K,-199.99782400000004
2024-10-29 17:20:56,DI-245,0,K,-199.99782400000004
2024-10-29 17:20:56,DI-245,0,K,-199.99782400000004
2024-10-29 17:20:56,DI-245,0,K,-199.99782400000004
2024-10-29 17:20:56,DI-1100,0,CH-0,0.0
2024-10-29 17:20:56,DI-1100,0,CH-1,0.107421875
2024-10-29 17:20:56,DI-1100,0,CH-2,0.0439453125
2024-10-29 17:20:56,DI-1100,0,CH-3,0.0439453125
2024-10-29 17:20:57,DI-1100,0,CH-0,0.01953125
2024-10-29 17:20:57,DI-1100,0,CH-1,0.107421875
2024-10-29 17:20:57,DI-1100,0,CH-2,0.0341796875
2024-10-29 17:20:57,DI-1100,0,CH-3,0.0439453125
2024-10-29 17:20:57,DI-1100,0,CH-0,0.01953125
2024-10-29 17:20:57,DI-1100,0,CH-1,0.107421875
2024-10-29 17:20:57,DI-1100,0,CH-2,0.0244140625
2024-10-29 17:20:57,DI-1100,0,CH-3,0.0439453125
2024-10-29 17:20:57,DI-1100,0,CH-0,0.0390625
2024-10-29 17:20:57,DI-1100,0,CH-1,0.1025390625
2024-10-29 17:20:57,DI-1100,0,CH-2,0.009765625
2024-10-29 17:20:57,DI-1100,0,CH-3,0.0390625
2024-10-29 17:20:57,DI-1100,0,CH-0,0.0390625
2024-10-29 17:20:57,DI-1100,0,CH-1,0.09765625
2024-10-29 17:20:57,DI-1100,0,CH-2,-0.0048828125
2024-10-29 17:20:57,DI-1100,0,CH-3,0.01953125
2024-10-29 17:20:57,DI-245,1,K,-199.99782400000004
2024-10-29 17:20:57,DI-245,1,K,-199.99782400000004
2024-10-29 17:20:57,DI-245,1,K,-199.99782400000004
2024-10-29 17:20:57,DI-245,1,K,-199.99782400000004
2024-10-29 17:20:57,DI-245,0,K,-199.99782400000004
2024-10-29 17:20:57,DI-245,0,K,-199.99782400000004
2024-10-29 17:20:57,DI-245,0,K,-199.99782400000004
2024-10-29 17:20:57,DI-245,0,K,-199.99782400000004
2024-10-29 17:20:57,DI-1100,0,CH-0,0.0390625
2024-10-29 17:20:57,DI-1100,0,CH-1,0.087890625
2024-10-29 17:20:57,DI-1100,0,CH-2,-0.0048828125
2024-10-29 17:20:57,DI-1100,0,CH-3,0.009765625
2024-10-29 17:20:57,DI-1100,0,CH-0,0.0390625
2024-10-29 17:20:57,DI-1100,0,CH-1,0.0830078125
2024-10-29 17:20:57,DI-1100,0,CH-2,0.0048828125
2024-10-29 17:20:57,DI-1100,0,CH-3,0.0
2024-10-29 17:20:57,DI-1100,0,CH-0,0.05859375
2024-10-29 17:20:57,DI-1100,0,CH-1,0.068359375
2024-10-29 17:20:57,DI-1100,0,CH-2,0.0146484375
2024-10-29 17:20:57,DI-1100,0,CH-3,0.0
2024-10-29 17:20:57,DI-1100,0,CH-0,0.05859375
2024-10-29 17:20:57,DI-1100,0,CH-1,0.048828125
2024-10-29 17:20:57,DI-1100,0,CH-2,0.01953125
2024-10-29 17:20:57,DI-1100,0,CH-3,0.0048828125
2024-10-29 17:20:57,DI-245,1,K,-199.99782400000004
2024-10-29 17:20:57,DI-245,1,K,-199.99782400000004
2024-10-29 17:20:57,DI-245,1,K,-199.99782400000004
2024-10-29 17:20:57,DI-245,1,K,-199.99782400000004
2024-10-29 17:20:57,DI-245,0,K,-199.99782400000004
2024-10-29 17:20:57,DI-245,0,K,-199.99782400000004
2024-10-29 17:20:57,DI-245,0,K,-199.99782400000004
2024-10-29 17:20:57,DI-245,0,K,-199.99782400000004
2024-10-29 17:20:57,DI-1100,0,CH-0,0.05859375
2024-10-29 17:20:57,DI-1100,0,CH-1,0.0390625
2024-10-29 17:20:57,DI-1100,0,CH-2,0.0244140625
2024-10-29 17:20:57,DI-1100,0,CH-3,0.0048828125
2024-10-29 17:20:58,DI-1100,0,CH-0,0.0390625
2024-10-29 17:20:58,DI-1100,0,CH-1,0.0341796875
2024-10-29 17:20:58,DI-1100,0,CH-2,0.01953125
2024-10-29 17:20:58,DI-1100,0,CH-3,0.0048828125
2024-10-29 17:20:58,DI-1100,0,CH-0,0.0390625
2024-10-29 17:20:58,DI-1100,0,CH-1,0.0439453125
2024-10-29 17:20:58,DI-1100,0,CH-2,0.01953125
2024-10-29 17:20:58,DI-1100,0,CH-3,0.0
2024-10-29 17:20:58,DI-1100,0,CH-0,0.05859375
2024-10-29 17:20:58,DI-1100,0,CH-1,0.0390625
2024-10-29 17:20:58,DI-1100,0,CH-2,0.01953125
2024-10-29 17:20:58,DI-1100,0,CH-3,0.0
2024-10-29 17:20:58,DI-1100,0,CH-0,0.05859375
2024-10-29 17:20:58,DI-1100,0,CH-1,0.0244140625
2024-10-29 17:20:58,DI-1100,0,CH-2,0.01953125
2024-10-29 17:20:58,DI-1100,0,CH-3,0.0048828125
2024-10-29 17:20:58,DI-245,1,K,-199.99782400000004
2024-10-29 17:20:58,DI-245,1,K,-199.99782400000004
2024-10-29 17:20:58,DI-245,1,K,-199.99782400000004
2024-10-29 17:20:58,DI-245,1,K,-199.99782400000004
2024-10-29 17:20:58,DI-245,0,K,-199.99782400000004
2024-10-29 17:20:58,DI-245,0,K,-199.99782400000004
2024-10-29 17:20:58,DI-245,0,K,-199.99782400000004
2024-10-29 17:20:58,DI-245,0,K,-199.99782400000004
2024-10-29 17:20:58,DI-1100,0,CH-0,0.05859375
2024-10-29 17:20:58,DI-1100,0,CH-1,0.0146484375
2024-10-29 17:20:58,DI-1100,0,CH-2,0.01953125
2024-10-29 17:20:58,DI-1100,0,CH-3,0.0146484375
2024-10-29 17:20:58,DI-1100,0,CH-0,0.0390625
2024-10-29 17:20:58,DI-1100,0,CH-1,0.0048828125
2024-10-29 17:20:58,DI-1100,0,CH-2,0.0244140625
2024-10-29 17:20:58,DI-1100,0,CH-3,0.0048828125
2024-10-29 17:20:58,DI-1100,0,CH-0,0.0390625
2024-10-29 17:20:58,DI-1100,0,CH-1,0.0
2024-10-29 17:20:58,DI-1100,0,CH-2,0.0244140625
2024-10-29 17:20:58,DI-1100,0,CH-3,-0.0048828125
2024-10-29 17:20:58,DI-1100,0,CH-0,0.0390625
2024-10-29 17:20:58,DI-1100,0,CH-1,-0.0048828125
2024-10-29 17:20:58,DI-1100,0,CH-2,0.0244140625
2024-10-29 17:20:58,DI-1100,0,CH-3,-0.0048828125
2024-10-29 17:20:58,DI-245,0,K,-199.99782400000004
2024-10-29 17:20:58,DI-245,0,K,-199.99782400000004
2024-10-29 17:20:58,DI-245,0,K,-199.99782400000004
2024-10-29 17:20:58,DI-245,0,K,-199.99782400000004
2024-10-29 17:20:58,DI-1100,0,CH-0,0.0390625
2024-10-29 17:20:58,DI-1100,0,CH-1,-0.0048828125
2024-10-29 17:20:58,DI-1100,0,CH-2,0.0341796875
2024-10-29 17:20:58,DI-1100,0,CH-3,0.0
2024-10-29 17:20:58,DI-245,1,K,-199.99782400000004
2024-10-29 17:20:58,DI-245,1,K,-199.99782400000004
2024-10-29 17:20:58,DI-245,1,K,-199.99782400000004
2024-10-29 17:20:58,DI-245,1,K,-199.99782400000004
2024-10-29 17:20:59,DI-1100,0,CH-0,0.01953125
2024-10-29 17:20:59,DI-1100,0,CH-1,-0.0048828125
2024-10-29 17:20:59,DI-1100,0,CH-2,0.0244140625
2024-10-29 17:20:59,DI-1100,0,CH-3,0.0
2024-10-29 17:20:59,DI-1100,0,CH-0,0.01953125
2024-10-29 17:20:59,DI-1100,0,CH-1,0.0
2024-10-29 17:20:59,DI-1100,0,CH-2,0.01953125
2024-10-29 17:20:59,DI-1100,0,CH-3,0.0048828125
2024-10-29 17:20:59,DI-1100,0,CH-0,0.0
2024-10-29 17:20:59,DI-1100,0,CH-1,0.0048828125
2024-10-29 17:20:59,DI-1100,0,CH-2,0.009765625
2024-10-29 17:20:59,DI-1100,0,CH-3,0.0048828125
2024-10-29 17:20:59,DI-1100,0,CH-0,0.0
2024-10-29 17:20:59,DI-1100,0,CH-1,0.0048828125
2024-10-29 17:20:59,DI-1100,0,CH-2,0.0
2024-10-29 17:20:59,DI-1100,0,CH-3,-0.0048828125
2024-10-29 17:20:59,DI-245,1,K,-199.99782400000004
2024-10-29 17:20:59,DI-245,1,K,-199.99782400000004
2024-10-29 17:20:59,DI-245,1,K,-199.99782400000004
2024-10-29 17:20:59,DI-245,1,K,-199.99782400000004
2024-10-29 17:20:59,DI-245,0,K,-199.99782400000004
2024-10-29 17:20:59,DI-245,0,K,-199.99782400000004
2024-10-29 17:20:59,DI-245,0,K,-199.99782400000004
2024-10-29 17:20:59,DI-245,0,K,-199.99782400000004
2024-10-29 17:20:59,DI-1100,0,CH-0,0.0
2024-10-29 17:20:59,DI-1100,0,CH-1,0.009765625
2024-10-29 17:20:59,DI-1100,0,CH-2,0.0
2024-10-29 17:20:59,DI-1100,0,CH-3,-0.009765625
2024-10-29 17:20:59,DI-1100,0,CH-0,0.0
2024-10-29 17:20:59,DI-1100,0,CH-1,0.009765625
2024-10-29 17:20:59,DI-1100,0,CH-2,0.0
2024-10-29 17:20:59,DI-1100,0,CH-3,-0.009765625
2024-10-29 17:20:59,DI-1100,0,CH-0,0.0
2024-10-29 17:20:59,DI-1100,0,CH-1,0.0
2024-10-29 17:20:59,DI-1100,0,CH-2,0.0
2024-10-29 17:20:59,DI-1100,0,CH-3,-0.0048828125
2024-10-29 17:20:59,DI-1100,0,CH-0,-0.01953125
2024-10-29 17:20:59,DI-1100,0,CH-1,0.0
2024-10-29 17:20:59,DI-1100,0,CH-2,0.0048828125
2024-10-29 17:20:59,DI-1100,0,CH-3,0.0
2024-10-29 17:20:59,DI-1100,0,CH-0,-0.01953125
2024-10-29 17:20:59,DI-1100,0,CH-1,0.0
2024-10-29 17:20:59,DI-1100,0,CH-2,0.0048828125
2024-10-29 17:20:59,DI-1100,0,CH-3,0.0
2024-10-29 17:20:59,DI-245,1,K,-199.99782400000004
2024-10-29 17:20:59,DI-245,1,K,-199.99782400000004
2024-10-29 17:20:59,DI-245,1,K,-199.99782400000004
2024-10-29 17:20:59,DI-245,1,K,-199.99782400000004
2024-10-29 17:20:59,DI-245,0,K,-199.99782400000004
2024-10-29 17:20:59,DI-245,0,K,-199.99782400000004
2024-10-29 17:20:59,DI-245,0,K,-199.99782400000004
2024-10-29 17:20:59,DI-245,0,K,-199.99782400000004
2024-10-29 17:21:00,DI-1100,0,CH-0,-0.01953125
2024-10-29 17:21:00,DI-1100,0,CH-1,0.0048828125
2024-10-29 17:21:00,DI-1100,0,CH-2,0.0048828125
2024-10-29 17:21:00,DI-1100,0,CH-3,-0.0048828125
2024-10-29 17:21:00,DI-1100,0,CH-0,-0.01953125
2024-10-29 17:21:00,DI-1100,0,CH-1,0.009765625
2024-10-29 17:21:00,DI-1100,0,CH-2,0.009765625
2024-10-29 17:21:00,DI-1100,0,CH-3,0.0
2024-10-29 17:21:00,DI-1100,0,CH-0,-0.01953125
2024-10-29 17:21:00,DI-1100,0,CH-1,0.0048828125
2024-10-29 17:21:00,DI-1100,0,CH-2,0.0048828125
2024-10-29 17:21:00,DI-1100,0,CH-3,0.0048828125
2024-10-29 17:21:00,DI-1100,0,CH-0,-0.01953125
2024-10-29 17:21:00,DI-1100,0,CH-1,-0.009765625
2024-10-29 17:21:00,DI-1100,0,CH-2,0.0048828125
2024-10-29 17:21:00,DI-1100,0,CH-3,0.0048828125
2024-10-29 17:21:00,DI-245,1,K,-199.99782400000004
2024-10-29 17:21:00,DI-245,1,K,-199.99782400000004
2024-10-29 17:21:00,DI-245,1,K,-199.99782400000004
2024-10-29 17:21:00,DI-245,1,K,-199.99782400000004
2024-10-29 17:21:00,DI-245,0,K,-199.99782400000004
2024-10-29 17:21:00,DI-245,0,K,-199.99782400000004
2024-10-29 17:21:00,DI-245,0,K,-199.99782400000004
2024-10-29 17:21:00,DI-245,0,K,-199.99782400000004
2024-10-29 17:21:00,DI-1100,0,CH-0,0.0
2024-10-29 17:21:00,DI-1100,0,CH-1,-0.01953125
2024-10-29 17:21:00,DI-1100,0,CH-2,0.0
2024-10-29 17:21:00,DI-1100,0,CH-3,0.0048828125
2024-10-29 17:21:00,DI-1100,0,CH-0,0.0
2024-10-29 17:21:00,DI-1100,0,CH-1,-0.01953125
2024-10-29 17:21:00,DI-1100,0,CH-2,0.0
2024-10-29 17:21:00,DI-1100,0,CH-3,0.0048828125
2024-10-29 17:21:00,DI-1100,0,CH-0,0.0
2024-10-29 17:21:00,DI-1100,0,CH-1,-0.009765625
2024-10-29 17:21:00,DI-1100,0,CH-2,0.0
2024-10-29 17:21:00,DI-1100,0,CH-3,0.0048828125
2024-10-29 17:21:00,DI-1100,0,CH-0,-0.01953125
2024-10-29 17:21:00,DI-1100,0,CH-1,-0.0048828125
2024-10-29 17:21:00,DI-1100,0,CH-2,0.0
2024-10-29 17:21:00,DI-1100,0,CH-3,0.0
2024-10-29 17:21:00,DI-1100,0,CH-0,-0.01953125
2024-10-29 17:21:00,DI-1100,0,CH-1,-0.009765625
2024-10-29 17:21:00,DI-1100,0,CH-2,0.0
2024-10-29 17:21:00,DI-1100,0,CH-3,-0.0048828125
2024-10-29 17:21:00,DI-245,0,K,-199.99782400000004
2024-10-29 17:21:00,DI-245,0,K,-199.99782400000004
2024-10-29 17:21:00,DI-245,0,K,-199.99782400000004
2024-10-29 17:21:00,DI-245,0,K,-199.99782400000004
2024-10-29 17:21:00,DI-245,1,K,-199.99782400000004
2024-10-29 17:21:00,DI-245,1,K,-199.99782400000004
2024-10-29 17:21:00,DI-245,1,K,-199.99782400000004
2024-10-29 17:21:00,DI-245,1,K,-199.99782400000004
2024-10-29 17:21:01,DI-1100,0,CH-0,-0.01953125
2024-10-29 17:21:01,DI-1100,0,CH-1,-0.01953125
2024-10-29 17:21:01,DI-1100,0,CH-2,0.0
2024-10-29 17:21:01,DI-1100,0,CH-3,-0.0048828125
2024-10-29 17:21:01,DI-1100,0,CH-0,-0.01953125
2024-10-29 17:21:01,DI-1100,0,CH-1,-0.0244140625
2024-10-29 17:21:01,DI-1100,0,CH-2,-0.0048828125
2024-10-29 17:21:01,DI-1100,0,CH-3,-0.009765625
2024-10-29 17:21:01,DI-1100,0,CH-0,-0.01953125
2024-10-29 17:21:01,DI-1100,0,CH-1,-0.0146484375
2024-10-29 17:21:01,DI-1100,0,CH-2,-0.0048828125
2024-10-29 17:21:01,DI-1100,0,CH-3,-0.0048828125
2024-10-29 17:21:01,DI-1100,0,CH-0,-0.01953125
2024-10-29 17:21:01,DI-1100,0,CH-1,-0.0146484375
2024-10-29 17:21:01,DI-1100,0,CH-2,-0.009765625
2024-10-29 17:21:01,DI-1100,0,CH-3,-0.0048828125
2024-10-29 17:21:01,DI-245,1,K,-199.99782400000004
2024-10-29 17:21:01,DI-245,1,K,-199.99782400000004
2024-10-29 17:21:01,DI-245,1,K,-199.99782400000004
2024-10-29 17:21:01,DI-245,1,K,-199.99782400000004
2024-10-29 17:21:01,DI-245,0,K,-199.99782400000004
2024-10-29 17:21:01,DI-245,0,K,-199.99782400000004
2024-10-29 17:21:01,DI-245,0,K,-199.99782400000004
2024-10-29 17:21:01,DI-245,0,K,-199.99782400000004
2024-10-29 17:21:01,DI-1100,0,CH-0,-0.01953125
2024-10-29 17:21:01,DI-1100,0,CH-1,-0.0146484375
2024-10-29 17:21:01,DI-1100,0,CH-2,-0.0146484375
2024-10-29 17:21:01,DI-1100,0,CH-3,0.0
2024-10-29 17:21:01,DI-1100,0,CH-0,-0.01953125
2024-10-29 17:21:01,DI-1100,0,CH-1,-0.0244140625
2024-10-29 17:21:01,DI-1100,0,CH-2,-0.01953125
2024-10-29 17:21:01,DI-1100,0,CH-3,0.0048828125
2024-10-29 17:21:01,DI-1100,0,CH-0,-0.01953125
2024-10-29 17:21:01,DI-1100,0,CH-1,-0.0244140625
2024-10-29 17:21:01,DI-1100,0,CH-2,-0.01953125
2024-10-29 17:21:01,DI-1100,0,CH-3,0.009765625
2024-10-29 17:21:01,DI-1100,0,CH-0,-0.0390625
2024-10-29 17:21:01,DI-1100,0,CH-1,-0.01953125
2024-10-29 17:21:01,DI-1100,0,CH-2,-0.01953125
2024-10-29 17:21:01,DI-1100,0,CH-3,0.009765625
2024-10-29 17:21:01,DI-1100,0,CH-0,-0.01953125
2024-10-29 17:21:01,DI-1100,0,CH-1,-0.0146484375
2024-10-29 17:21:01,DI-1100,0,CH-2,-0.0146484375
2024-10-29 17:21:01,DI-1100,0,CH-3,0.0048828125
2024-10-29 17:21:01,DI-245,1,K,-199.99782400000004
2024-10-29 17:21:01,DI-245,1,K,-199.99782400000004
2024-10-29 17:21:01,DI-245,1,K,-199.99782400000004
2024-10-29 17:21:01,DI-245,1,K,-199.99782400000004
2024-10-29 17:21:01,DI-245,0,K,-199.99782400000004
2024-10-29 17:21:01,DI-245,0,K,-199.99782400000004
2024-10-29 17:21:01,DI-245,0,K,-199.99782400000004
2024-10-29 17:21:01,DI-245,0,K,-199.99782400000004
2024-10-29 17:21:02,DI-1100,0,CH-0,-0.01953125
2024-10-29 17:21:02,DI-1100,0,CH-1,-0.009765625
2024-10-29 17:21:02,DI-1100,0,CH-2,-0.009765625
2024-10-29 17:21:02,DI-1100,0,CH-3,0.0048828125
2024-10-29 17:21:02,DI-1100,0,CH-0,-0.01953125
2024-10-29 17:21:02,DI-1100,0,CH-1,-0.009765625
2024-10-29 17:21:02,DI-1100,0,CH-2,-0.0048828125
2024-10-29 17:21:02,DI-1100,0,CH-3,0.0146484375
2024-10-29 17:21:02,DI-1100,0,CH-0,-0.01953125
2024-10-29 17:21:02,DI-1100,0,CH-1,-0.0146484375
2024-10-29 17:21:02,DI-1100,0,CH-2,-0.0048828125
2024-10-29 17:21:02,DI-1100,0,CH-3,0.0244140625
2024-10-29 17:21:02,DI-1100,0,CH-0,-0.01953125
2024-10-29 17:21:02,DI-1100,0,CH-1,-0.01953125
2024-10-29 17:21:02,DI-1100,0,CH-2,0.0
2024-10-29 17:21:02,DI-1100,0,CH-3,0.0244140625
2024-10-29 17:21:02,DI-1100,0,CH-0,-0.0390625
2024-10-29 17:21:02,DI-1100,0,CH-1,-0.0146484375
2024-10-29 17:21:02,DI-1100,0,CH-2,0.0
2024-10-29 17:21:02,DI-1100,0,CH-3,0.009765625
2024-10-29 17:21:02,DI-245,1,K,-199.99782400000004
2024-10-29 17:21:02,DI-245,1,K,-199.99782400000004
2024-10-29 17:21:02,DI-245,1,K,-199.99782400000004
2024-10-29 17:21:02,DI-245,1,K,-199.99782400000004
2024-10-29 17:21:02,DI-245,0,K,-199.99782400000004
2024-10-29 17:21:02,DI-245,0,K,-199.99782400000004
2024-10-29 17:21:02,DI-245,0,K,-199.99782400000004
2024-10-29 17:21:02,DI-245,0,K,-199.99782400000004
2024-10-29 17:21:02,DI-1100,0,CH-0,-0.0390625
2024-10-29 17:21:02,DI-1100,0,CH-1,-0.0048828125
2024-10-29 17:21:02,DI-1100,0,CH-2,0.0
2024-10-29 17:21:02,DI-1100,0,CH-3,0.0
2024-10-29 17:21:02,DI-1100,0,CH-0,-0.0390625
2024-10-29 17:21:02,DI-1100,0,CH-1,-0.0048828125
2024-10-29 17:21:02,DI-1100,0,CH-2,-0.0048828125
2024-10-29 17:21:02,DI-1100,0,CH-3,-0.009765625
2024-10-29 17:21:02,DI-1100,0,CH-0,-0.01953125
2024-10-29 17:21:02,DI-1100,0,CH-1,-0.0146484375
2024-10-29 17:21:02,DI-1100,0,CH-2,-0.0048828125
2024-10-29 17:21:02,DI-1100,0,CH-3,-0.009765625
2024-10-29 17:21:02,DI-1100,0,CH-0,-0.01953125
2024-10-29 17:21:02,DI-1100,0,CH-1,-0.0146484375
2024-10-29 17:21:02,DI-1100,0,CH-2,0.0048828125
2024-10-29 17:21:02,DI-1100,0,CH-3,-0.0048828125
2024-10-29 17:21:02,DI-245,0,K,-199.99782400000004
2024-10-29 17:21:02,DI-245,0,K,-199.99782400000004
2024-10-29 17:21:02,DI-245,0,K,-199.99782400000004
2024-10-29 17:21:02,DI-245,0,K,-199.99782400000004
2024-10-29 17:21:02,DI-245,1,K,-199.99782400000004
2024-10-29 17:21:02,DI-245,1,K,-199.99782400000004
2024-10-29 17:21:02,DI-245,1,K,-199.99782400000004
2024-10-29 17:21:02,DI-245,1,K,-199.99782400000004
2024-10-29 17:21:02,DI-1100,0,CH-0,-0.01953125
2024-10-29 17:21:02,DI-1100,0,CH-1,-0.0146484375
2024-10-29 17:21:02,DI-1100,0,CH-2,0.009765625
2024-10-29 17:21:02,DI-1100,0,CH-3,0.0
2024-10-29 17:21:03,DI-1100,0,CH-0,-0.01953125
2024-10-29 17:21:03,DI-1100,0,CH-1,-0.0244140625
2024-10-29 17:21:03,DI-1100,0,CH-2,0.0
2024-10-29 17:21:03,DI-1100,0,CH-3,0.0
2024-10-29 17:21:03,DI-1100,0,CH-0,-0.01953125
2024-10-29 17:21:03,DI-1100,0,CH-1,-0.0390625
2024-10-29 17:21:03,DI-1100,0,CH-2,-0.0146484375
2024-10-29 17:21:03,DI-1100,0,CH-3,0.0
2024-10-29 17:21:03,DI-1100,0,CH-0,-0.01953125
2024-10-29 17:21:03,DI-1100,0,CH-1,-0.0439453125
2024-10-29 17:21:03,DI-1100,0,CH-2,-0.01953125
2024-10-29 17:21:03,DI-1100,0,CH-3,-0.0048828125
2024-10-29 17:21:03,DI-1100,0,CH-0,-0.01953125
2024-10-29 17:21:03,DI-1100,0,CH-1,-0.0390625
2024-10-29 17:21:03,DI-1100,0,CH-2,-0.0146484375
2024-10-29 17:21:03,DI-1100,0,CH-3,-0.009765625
2024-10-29 17:21:03,DI-245,1,K,-199.99782400000004
2024-10-29 17:21:03,DI-245,1,K,-199.99782400000004
2024-10-29 17:21:03,DI-245,1,K,-199.99782400000004
2024-10-29 17:21:03,DI-245,1,K,-199.99782400000004
2024-10-29 17:21:03,DI-245,0,K,-199.99782400000004
2024-10-29 17:21:03,DI-245,0,K,-199.99782400000004
2024-10-29 17:21:03,DI-245,0,K,-199.99782400000004
2024-10-29 17:21:03,DI-245,0,K,-199.99782400000004
2024-10-29 17:21:03,DI-1100,0,CH-0,-0.01953125
2024-10-29 17:21:03,DI-1100,0,CH-1,-0.0341796875
2024-10-29 17:21:03,DI-1100,0,CH-2,-0.009765625
2024-10-29 17:21:03,DI-1100,0,CH-3,-0.009765625
2024-10-29 17:21:03,DI-1100,0,CH-0,-0.01953125
2024-10-29 17:21:03,DI-1100,0,CH-1,-0.01953125
2024-10-29 17:21:03,DI-1100,0,CH-2,-0.0048828125
2024-10-29 17:21:03,DI-1100,0,CH-3,0.0
2024-10-29 17:21:03,DI-1100,0,CH-0,-0.01953125
2024-10-29 17:21:03,DI-1100,0,CH-1,-0.0048828125
2024-10-29 17:21:03,DI-1100,0,CH-2,-0.0048828125
2024-10-29 17:21:03,DI-1100,0,CH-3,0.009765625
2024-10-29 17:21:03,DI-1100,0,CH-0,-0.01953125
2024-10-29 17:21:03,DI-1100,0,CH-1,-0.009765625
2024-10-29 17:21:03,DI-1100,0,CH-2,0.0
2024-10-29 17:21:03,DI-1100,0,CH-3,0.0146484375
2024-10-29 17:21:03,DI-245,1,K,-199.99782400000004
2024-10-29 17:21:03,DI-245,1,K,-199.99782400000004
2024-10-29 17:21:03,DI-245,1,K,-199.99782400000004
2024-10-29 17:21:03,DI-245,1,K,-199.99782400000004
2024-10-29 17:21:03,DI-245,0,K,-199.99782400000004
2024-10-29 17:21:03,DI-245,0,K,-199.99782400000004
2024-10-29 17:21:03,DI-245,0,K,-199.99782400000004
2024-10-29 17:21:03,DI-245,0,K,-199.99782400000004
2024-10-29 17:21:03,DI-1100,0,CH-0,-0.01953125
2024-10-29 17:21:03,DI-1100,0,CH-1,-0.0244140625
2024-10-29 17:21:03,DI-1100,0,CH-2,0.0048828125
2024-10-29 17:21:03,DI-1100,0,CH-3,0.0146484375
2024-10-29 17:21:04,DI-1100,0,CH-0,-0.01953125
2024-10-29 17:21:04,DI-1100,0,CH-1,-0.0390625
2024-10-29 17:21:04,DI-1100,0,CH-2,0.0
2024-10-29 17:21:04,DI-1100,0,CH-3,0.0
2024-10-29 17:21:04,DI-1100,0,CH-0,-0.01953125
2024-10-29 17:21:04,DI-1100,0,CH-1,-0.0341796875
2024-10-29 17:21:04,DI-1100,0,CH-2,-0.0048828125
2024-10-29 17:21:04,DI-1100,0,CH-3,-0.0048828125
2024-10-29 17:21:04,DI-1100,0,CH-0,-0.01953125
2024-10-29 17:21:04,DI-1100,0,CH-1,-0.01953125
2024-10-29 17:21:04,DI-1100,0,CH-2,0.0
2024-10-29 17:21:04,DI-1100,0,CH-3,0.0048828125
2024-10-29 17:21:04,DI-1100,0,CH-0,-0.01953125
2024-10-29 17:21:04,DI-1100,0,CH-1,-0.0048828125
2024-10-29 17:21:04,DI-1100,0,CH-2,0.0
2024-10-29 17:21:04,DI-1100,0,CH-3,0.0146484375
2024-10-29 17:21:04,DI-245,1,K,-199.99782400000004
2024-10-29 17:21:04,DI-245,1,K,-199.99782400000004
2024-10-29 17:21:04,DI-245,1,K,-199.99782400000004
2024-10-29 17:21:04,DI-245,1,K,-199.99782400000004
2024-10-29 17:21:04,DI-245,0,K,-199.99782400000004
2024-10-29 17:21:04,DI-245,0,K,-199.99782400000004
2024-10-29 17:21:04,DI-245,0,K,-199.99782400000004
2024-10-29 17:21:04,DI-245,0,K,-199.99782400000004
2024-10-29 17:21:04,DI-1100,0,CH-0,-0.0390625
2024-10-29 17:21:04,DI-1100,0,CH-1,0.0
2024-10-29 17:21:04,DI-1100,0,CH-2,0.0
2024-10-29 17:21:04,DI-1100,0,CH-3,0.0341796875
2024-10-29 17:21:04,DI-1100,0,CH-0,-0.0390625
2024-10-29 17:21:04,DI-1100,0,CH-1,-0.0048828125
2024-10-29 17:21:04,DI-1100,0,CH-2,0.0
2024-10-29 17:21:04,DI-1100,0,CH-3,0.0244140625
2024-10-29 17:21:04,DI-1100,0,CH-0,-0.0390625
2024-10-29 17:21:04,DI-1100,0,CH-1,-0.0146484375
2024-10-29 17:21:04,DI-1100,0,CH-2,0.0048828125
2024-10-29 17:21:04,DI-1100,0,CH-3,0.0146484375
2024-10-29 17:21:04,DI-1100,0,CH-0,-0.0390625
2024-10-29 17:21:04,DI-1100,0,CH-1,-0.0146484375
2024-10-29 17:21:04,DI-1100,0,CH-2,0.0048828125
2024-10-29 17:21:04,DI-1100,0,CH-3,0.009765625
2024-10-29 17:21:04,DI-1100,0,CH-0,-0.0390625
2024-10-29 17:21:04,DI-1100,0,CH-1,-0.0146484375
2024-10-29 17:21:04,DI-1100,0,CH-2,0.0
2024-10-29 17:21:04,DI-1100,0,CH-3,0.009765625
2024-10-29 17:21:04,DI-245,0,K,-199.99782400000004
2024-10-29 17:21:04,DI-245,0,K,-199.99782400000004
2024-10-29 17:21:04,DI-245,0,K,-199.99782400000004
2024-10-29 17:21:04,DI-245,0,K,-199.99782400000004
2024-10-29 17:21:04,DI-245,1,K,-199.99782400000004
2024-10-29 17:21:04,DI-245,1,K,-199.99782400000004
2024-10-29 17:21:04,DI-245,1,K,-199.99782400000004
2024-10-29 17:21:04,DI-245,1,K,-199.99782400000004
2024-10-29 17:21:05,DI-1100,0,CH-0,-0.01953125
2024-10-29 17:21:05,DI-1100,0,CH-1,-0.01953125
2024-10-29 17:21:05,DI-1100,0,CH-2,0.0
2024-10-29 17:21:05,DI-1100,0,CH-3,0.0146484375
2024-10-29 17:21:05,DI-1100,0,CH-0,0.0
2024-10-29 17:21:05,DI-1100,0,CH-1,-0.0244140625
2024-10-29 17:21:05,DI-1100,0,CH-2,0.0
2024-10-29 17:21:05,DI-1100,0,CH-3,0.0146484375
2024-10-29 17:21:05,DI-1100,0,CH-0,0.0
2024-10-29 17:21:05,DI-1100,0,CH-1,-0.0244140625
2024-10-29 17:21:05,DI-1100,0,CH-2,0.0
2024-10-29 17:21:05,DI-1100,0,CH-3,0.0146484375
2024-10-29 17:21:05,DI-1100,0,CH-0,-0.01953125
2024-10-29 17:21:05,DI-1100,0,CH-1,-0.009765625
2024-10-29 17:21:05,DI-1100,0,CH-2,0.0
2024-10-29 17:21:05,DI-1100,0,CH-3,0.009765625
2024-10-29 17:21:05,DI-245,1,K,-199.99782400000004
2024-10-29 17:21:05,DI-245,1,K,-199.99782400000004
2024-10-29 17:21:05,DI-245,1,K,-199.99782400000004
2024-10-29 17:21:05,DI-245,1,K,-199.99782400000004
2024-10-29 17:21:05,DI-245,0,K,-199.99782400000004
2024-10-29 17:21:05,DI-245,0,K,-199.99782400000004
2024-10-29 17:21:05,DI-245,0,K,-199.99782400000004
2024-10-29 17:21:05,DI-245,0,K,-199.99782400000004
2024-10-29 17:21:05,DI-1100,0,CH-0,-0.01953125
2024-10-29 17:21:05,DI-1100,0,CH-1,0.009765625
2024-10-29 17:21:05,DI-1100,0,CH-2,0.0048828125
2024-10-29 17:21:05,DI-1100,0,CH-3,0.0146484375
2024-10-29 17:21:05,DI-1100,0,CH-0,-0.01953125
2024-10-29 17:21:05,DI-1100,0,CH-1,0.0048828125
2024-10-29 17:21:05,DI-1100,0,CH-2,0.009765625
2024-10-29 17:21:05,DI-1100,0,CH-3,0.01953125
2024-10-29 17:21:05,DI-1100,0,CH-0,-0.01953125
2024-10-29 17:21:05,DI-1100,0,CH-1,-0.01953125
2024-10-29 17:21:05,DI-1100,0,CH-2,0.009765625
2024-10-29 17:21:05,DI-1100,0,CH-3,0.0244140625
