2024-11-14 06:00:39,DI-1100,0,0,9.372219426076388e-08
2024-11-14 06:00:41,DI-245,2,0,25.95736099999999
2024-11-14 06:00:41,DI-245,2,1,25.57357300000001
2024-11-14 06:00:41,DI-245,2,2,25.57357300000001
2024-11-14 06:00:41,DI-245,2,3,25.95736099999999
2024-11-14 06:00:53,DI-245,1,0,25.861413999999968
2024-11-14 06:00:53,DI-245,1,1,25.28573199999994
2024-11-14 06:00:53,DI-245,1,2,25.57357300000001
2024-11-14 06:00:53,DI-245,1,3,26.24520199999995
2024-11-14 06:01:39,DI-1100,0,0,9.38979801047696e-08
2024-11-14 06:01:42,DI-245,2,0,25.861413999999968
2024-11-14 06:01:42,DI-245,2,1,25.381678999999963
2024-11-14 06:01:42,DI-245,2,2,25.381678999999963
2024-11-14 06:01:42,DI-245,2,3,25.861413999999968
2024-11-14 06:01:54,DI-245,1,0,25.861413999999968
2024-11-14 06:01:54,DI-245,1,1,25.28573199999994
2024-11-14 06:01:54,DI-245,1,2,25.381678999999963
2024-11-14 06:01:54,DI-245,1,3,26.24520199999995
2024-11-14 06:02:39,DI-1100,0,0,9.386279657934786e-08
2024-11-14 06:02:42,DI-245,2,0,25.861413999999968
2024-11-14 06:02:42,DI-245,2,1,25.57357300000001
2024-11-14 06:02:42,DI-245,2,2,25.57357300000001
2024-11-14 06:02:42,DI-245,2,3,25.95736099999999
2024-11-14 06:02:54,DI-245,1,0,25.861413999999968
2024-11-14 06:02:54,DI-245,1,1,25.093838000000005
2024-11-14 06:02:54,DI-245,1,2,25.57357300000001
2024-11-14 06:02:54,DI-245,1,3,26.24520199999995
2024-11-14 06:03:39,DI-1100,0,0,9.368707660220854e-08
2024-11-14 06:03:42,DI-245,2,0,25.861413999999968
2024-11-14 06:03:42,DI-245,2,1,25.28573199999994
2024-11-14 06:03:42,DI-245,2,2,25.381678999999963
2024-11-14 06:03:42,DI-245,2,3,25.95736099999999
2024-11-14 06:03:55,DI-245,1,0,25.861413999999968
2024-11-14 06:03:55,DI-245,1,1,25.093838000000005
2024-11-14 06:03:55,DI-245,1,2,25.57357300000001
2024-11-14 06:03:55,DI-245,1,3,26.24520199999995
2024-11-14 06:04:39,DI-1100,0,0,9.38276262371754e-08
2024-11-14 06:04:43,DI-245,2,0,25.95736099999999
2024-11-14 06:04:43,DI-245,2,1,25.57357300000001
2024-11-14 06:04:43,DI-245,2,2,25.381678999999963
2024-11-14 06:04:43,DI-245,2,3,25.95736099999999
2024-11-14 06:04:55,DI-245,1,0,25.861413999999968
2024-11-14 06:04:55,DI-245,1,1,25.28573199999994
2024-11-14 06:04:55,DI-245,1,2,25.57357300000001
2024-11-14 06:04:55,DI-245,1,3,26.24520199999995
2024-11-14 06:05:39,DI-1100,0,0,9.414463432902464e-08
2024-11-14 06:05:43,DI-245,2,0,25.95736099999999
2024-11-14 06:05:43,DI-245,2,1,25.381678999999963
2024-11-14 06:05:43,DI-245,2,2,25.57357300000001
2024-11-14 06:05:43,DI-245,2,3,25.95736099999999
2024-11-14 06:05:55,DI-245,1,0,25.861413999999968
2024-11-14 06:05:55,DI-245,1,1,25.093838000000005
2024-11-14 06:05:55,DI-245,1,2,25.57357300000001
2024-11-14 06:05:55,DI-245,1,3,26.24520199999995
2024-11-14 06:06:39,DI-1100,0,0,9.361688075587399e-08
2024-11-14 06:06:43,DI-245,2,0,25.95736099999999
2024-11-14 06:06:43,DI-245,2,1,25.57357300000001
2024-11-14 06:06:43,DI-245,2,2,25.57357300000001
2024-11-14 06:06:43,DI-245,2,3,25.95736099999999
2024-11-14 06:06:55,DI-245,1,0,25.861413999999968
2024-11-14 06:06:55,DI-245,1,1,25.28573199999994
2024-11-14 06:06:55,DI-245,1,2,25.57357300000001
2024-11-14 06:06:55,DI-245,1,3,26.24520199999995
2024-11-14 06:07:39,DI-1100,0,0,9.435656786188134e-08
2024-11-14 06:07:43,DI-245,2,0,25.861413999999968
2024-11-14 06:07:43,DI-245,2,1,25.57357300000001
2024-11-14 06:07:43,DI-245,2,2,25.57357300000001
2024-11-14 06:07:43,DI-245,2,3,25.95736099999999
2024-11-14 06:07:56,DI-245,1,0,25.66951999999992
2024-11-14 06:07:56,DI-245,1,1,25.28573199999994
2024-11-14 06:07:56,DI-245,1,2,25.57357300000001
2024-11-14 06:07:56,DI-245,1,3,26.437095999999997
2024-11-14 06:08:40,DI-1100,0,0,9.42858703934735e-08
2024-11-14 06:08:44,DI-245,2,0,25.861413999999968
2024-11-14 06:08:44,DI-245,2,1,25.381678999999963
2024-11-14 06:08:44,DI-245,2,2,25.57357300000001
2024-11-14 06:08:44,DI-245,2,3,25.95736099999999
2024-11-14 06:08:56,DI-245,1,0,25.66951999999992
2024-11-14 06:08:56,DI-245,1,1,25.28573199999994
2024-11-14 06:08:56,DI-245,1,2,25.57357300000001
2024-11-14 06:08:56,DI-245,1,3,26.24520199999995
2024-11-14 06:09:40,DI-1100,0,0,9.467536304759485e-08
2024-11-14 06:09:44,DI-245,2,0,25.95736099999999
2024-11-14 06:09:44,DI-245,2,1,25.57357300000001
2024-11-14 06:09:44,DI-245,2,2,25.57357300000001
2024-11-14 06:09:44,DI-245,2,3,25.95736099999999
2024-11-14 06:09:57,DI-245,1,0,25.66951999999992
2024-11-14 06:09:57,DI-245,1,1,25.28573199999994
2024-11-14 06:09:57,DI-245,1,2,25.57357300000001
2024-11-14 06:09:57,DI-245,1,3,26.24520199999995
2024-11-14 06:10:40,DI-1100,0,0,9.425054152575792e-08
2024-11-14 06:10:44,DI-245,2,0,25.861413999999968
2024-11-14 06:10:44,DI-245,2,1,25.381678999999963
2024-11-14 06:10:44,DI-245,2,2,25.381678999999963
2024-11-14 06:10:44,DI-245,2,3,25.861413999999968
2024-11-14 06:10:57,DI-245,1,0,25.57357300000001
2024-11-14 06:10:57,DI-245,1,1,25.28573199999994
2024-11-14 06:10:57,DI-245,1,2,25.57357300000001
2024-11-14 06:10:57,DI-245,1,3,26.24520199999995
2024-11-14 06:11:40,DI-1100,0,0,9.513774746039344e-08
2024-11-14 06:11:44,DI-245,2,0,25.861413999999968
2024-11-14 06:11:44,DI-245,2,1,25.381678999999963
2024-11-14 06:11:44,DI-245,2,2,25.57357300000001
2024-11-14 06:11:44,DI-245,2,3,25.861413999999968
2024-11-14 06:11:57,DI-245,1,0,25.57357300000001
2024-11-14 06:11:57,DI-245,1,1,25.28573199999994
2024-11-14 06:11:57,DI-245,1,2,25.57357300000001
2024-11-14 06:11:57,DI-245,1,3,26.24520199999995
2024-11-14 06:12:40,DI-1100,0,0,9.410935838239043e-08
2024-11-14 06:12:44,DI-245,2,0,25.861413999999968
2024-11-14 06:12:44,DI-245,2,1,25.57357300000001
2024-11-14 06:12:44,DI-245,2,2,25.57357300000001
2024-11-14 06:12:44,DI-245,2,3,26.149254999999926
2024-11-14 06:12:58,DI-245,1,0,25.57357300000001
2024-11-14 06:12:58,DI-245,1,1,25.093838000000005
2024-11-14 06:12:58,DI-245,1,2,25.57357300000001
2024-11-14 06:12:58,DI-245,1,3,26.24520199999995
2024-11-14 06:13:40,DI-1100,0,0,9.425054152575792e-08
2024-11-14 06:13:45,DI-245,2,0,25.861413999999968
2024-11-14 06:13:45,DI-245,2,1,25.381678999999963
2024-11-14 06:13:45,DI-245,2,2,25.381678999999963
2024-11-14 06:13:45,DI-245,2,3,25.95736099999999
2024-11-14 06:13:58,DI-245,1,0,25.381678999999963
2024-11-14 06:13:58,DI-245,1,1,25.093838000000005
2024-11-14 06:13:58,DI-245,1,2,25.57357300000001
2024-11-14 06:13:58,DI-245,1,3,26.437095999999997
2024-11-14 06:14:40,DI-1100,0,0,9.435656786188134e-08
2024-11-14 06:14:45,DI-245,2,0,25.66951999999992
2024-11-14 06:14:45,DI-245,2,1,25.381678999999963
2024-11-14 06:14:45,DI-245,2,2,25.381678999999963
2024-11-14 06:14:45,DI-245,2,3,25.861413999999968
2024-11-14 06:14:58,DI-245,1,0,25.57357300000001
2024-11-14 06:14:58,DI-245,1,1,25.093838000000005
2024-11-14 06:14:58,DI-245,1,2,25.381678999999963
2024-11-14 06:14:58,DI-245,1,3,26.24520199999995
2024-11-14 06:15:40,DI-1100,0,0,9.396838672512848e-08
2024-11-14 06:15:45,DI-245,2,0,25.861413999999968
2024-11-14 06:15:45,DI-245,2,1,25.381678999999963
2024-11-14 06:15:45,DI-245,2,2,25.57357300000001
2024-11-14 06:15:45,DI-245,2,3,25.95736099999999
2024-11-14 06:15:58,DI-245,1,0,25.57357300000001
2024-11-14 06:15:58,DI-245,1,1,25.093838000000005
2024-11-14 06:15:58,DI-245,1,2,25.381678999999963
2024-11-14 06:15:58,DI-245,1,3,26.24520199999995
2024-11-14 06:16:40,DI-1100,0,0,9.410935838239043e-08
2024-11-14 06:16:45,DI-245,2,0,25.66951999999992
2024-11-14 06:16:45,DI-245,2,1,25.28573199999994
2024-11-14 06:16:45,DI-245,2,2,25.381678999999963
2024-11-14 06:16:45,DI-245,2,3,25.861413999999968
2024-11-14 06:16:59,DI-245,1,0,25.57357300000001
2024-11-14 06:16:59,DI-245,1,1,25.093838000000005
2024-11-14 06:16:59,DI-245,1,2,25.381678999999963
2024-11-14 06:16:59,DI-245,1,3,26.24520199999995
2024-11-14 06:17:40,DI-1100,0,0,9.407409565363549e-08
2024-11-14 06:17:46,DI-245,2,0,25.66951999999992
2024-11-14 06:17:46,DI-245,2,1,25.381678999999963
2024-11-14 06:17:46,DI-245,2,2,25.28573199999994
2024-11-14 06:17:46,DI-245,2,3,25.66951999999992
2024-11-14 06:17:59,DI-245,1,0,25.57357300000001
2024-11-14 06:17:59,DI-245,1,1,25.28573199999994
2024-11-14 06:17:59,DI-245,1,2,25.381678999999963
2024-11-14 06:17:59,DI-245,1,3,26.24520199999995
2024-11-14 06:18:40,DI-1100,0,0,9.414463432902464e-08
2024-11-14 06:18:46,DI-245,2,0,25.66951999999992
2024-11-14 06:18:46,DI-245,2,1,25.381678999999963
2024-11-14 06:18:46,DI-245,2,2,25.28573199999994
2024-11-14 06:18:46,DI-245,2,3,25.66951999999992
2024-11-14 06:19:00,DI-245,1,0,25.57357300000001
2024-11-14 06:19:00,DI-245,1,1,25.28573199999994
2024-11-14 06:19:00,DI-245,1,2,25.381678999999963
2024-11-14 06:19:00,DI-245,1,3,26.24520199999995
2024-11-14 06:19:40,DI-1100,0,0,9.432121250386008e-08
2024-11-14 06:19:46,DI-245,2,0,25.66951999999992
2024-11-14 06:19:46,DI-245,2,1,25.381678999999963
2024-11-14 06:19:46,DI-245,2,2,25.381678999999963
2024-11-14 06:19:46,DI-245,2,3,25.861413999999968
2024-11-14 06:20:00,DI-245,1,0,25.381678999999963
2024-11-14 06:20:00,DI-245,1,1,24.901943999999958
2024-11-14 06:20:00,DI-245,1,2,25.381678999999963
2024-11-14 06:20:00,DI-245,1,3,26.24520199999995
2024-11-14 06:20:40,DI-1100,0,0,9.421522589575092e-08
2024-11-14 06:20:47,DI-245,2,0,25.66951999999992
2024-11-14 06:20:47,DI-245,2,1,25.28573199999994
2024-11-14 06:20:47,DI-245,2,2,25.28573199999994
2024-11-14 06:20:47,DI-245,2,3,25.861413999999968
2024-11-14 06:21:00,DI-245,1,0,25.381678999999963
2024-11-14 06:21:00,DI-245,1,1,25.093838000000005
2024-11-14 06:21:00,DI-245,1,2,25.381678999999963
2024-11-14 06:21:00,DI-245,1,3,26.24520199999995
2024-11-14 06:21:40,DI-1100,0,0,9.414463432902464e-08
2024-11-14 06:21:47,DI-245,2,0,25.66951999999992
2024-11-14 06:21:47,DI-245,2,1,25.28573199999994
2024-11-14 06:21:47,DI-245,2,2,25.381678999999963
2024-11-14 06:21:47,DI-245,2,3,25.861413999999968
2024-11-14 06:22:01,DI-245,1,0,25.57357300000001
2024-11-14 06:22:01,DI-245,1,1,25.093838000000005
2024-11-14 06:22:01,DI-245,1,2,25.381678999999963
2024-11-14 06:22:01,DI-245,1,3,26.24520199999995
2024-11-14 06:22:40,DI-1100,0,0,9.396838672512848e-08
2024-11-14 06:22:47,DI-245,2,0,25.66951999999992
2024-11-14 06:22:47,DI-245,2,1,25.28573199999994
2024-11-14 06:22:47,DI-245,2,2,25.28573199999994
2024-11-14 06:22:47,DI-245,2,3,25.861413999999968
2024-11-14 06:23:01,DI-245,1,0,25.381678999999963
2024-11-14 06:23:01,DI-245,1,1,25.093838000000005
2024-11-14 06:23:01,DI-245,1,2,25.381678999999963
2024-11-14 06:23:01,DI-245,1,3,26.149254999999926
2024-11-14 06:23:41,DI-1100,0,0,9.396838672512848e-08
2024-11-14 06:23:48,DI-245,2,0,25.66951999999992
2024-11-14 06:23:48,DI-245,2,1,25.381678999999963
2024-11-14 06:23:48,DI-245,2,2,25.381678999999963
2024-11-14 06:23:48,DI-245,2,3,25.861413999999968
2024-11-14 06:24:01,DI-245,1,0,25.381678999999963
2024-11-14 06:24:01,DI-245,1,1,25.093838000000005
2024-11-14 06:24:01,DI-245,1,2,25.28573199999994
2024-11-14 06:24:01,DI-245,1,3,26.149254999999926
2024-11-14 06:24:41,DI-1100,0,0,9.414463432902464e-08
2024-11-14 06:24:48,DI-245,2,0,25.66951999999992
2024-11-14 06:24:48,DI-245,2,1,25.28573199999994
2024-11-14 06:24:48,DI-245,2,2,25.093838000000005
2024-11-14 06:24:48,DI-245,2,3,25.861413999999968
2024-11-14 06:25:01,DI-245,1,0,25.381678999999963
2024-11-14 06:25:01,DI-245,1,1,25.093838000000005
2024-11-14 06:25:01,DI-245,1,2,25.57357300000001
2024-11-14 06:25:01,DI-245,1,3,26.24520199999995
2024-11-14 06:25:41,DI-1100,0,0,9.38979801047696e-08
2024-11-14 06:25:48,DI-245,2,0,25.57357300000001
2024-11-14 06:25:48,DI-245,2,1,25.28573199999994
2024-11-14 06:25:48,DI-245,2,2,25.381678999999963
2024-11-14 06:25:48,DI-245,2,3,25.861413999999968
2024-11-14 06:26:01,DI-245,1,0,25.381678999999963
2024-11-14 06:26:01,DI-245,1,1,25.093838000000005
2024-11-14 06:26:01,DI-245,1,2,25.381678999999963
2024-11-14 06:26:01,DI-245,1,3,26.149254999999926
2024-11-14 06:26:41,DI-1100,0,0,9.417992349849252e-08
2024-11-14 06:26:48,DI-245,2,0,25.66951999999992
2024-11-14 06:26:48,DI-245,2,1,25.28573199999994
2024-11-14 06:26:48,DI-245,2,2,25.28573199999994
2024-11-14 06:26:48,DI-245,2,3,25.66951999999992
2024-11-14 06:27:02,DI-245,1,0,25.381678999999963
2024-11-14 06:27:02,DI-245,1,1,25.093838000000005
2024-11-14 06:27:02,DI-245,1,2,25.28573199999994
2024-11-14 06:27:02,DI-245,1,3,26.149254999999926
2024-11-14 06:27:41,DI-1100,0,0,9.407409565363549e-08
2024-11-14 06:27:49,DI-245,2,0,25.66951999999992
2024-11-14 06:27:49,DI-245,2,1,25.381678999999963
2024-11-14 06:27:49,DI-245,2,2,25.28573199999994
2024-11-14 06:27:49,DI-245,2,3,25.66951999999992
2024-11-14 06:28:02,DI-245,1,0,25.57357300000001
2024-11-14 06:28:02,DI-245,1,1,25.093838000000005
2024-11-14 06:28:02,DI-245,1,2,25.28573199999994
2024-11-14 06:28:02,DI-245,1,3,26.149254999999926
2024-11-14 06:28:41,DI-1100,0,0,9.42858703934735e-08
2024-11-14 06:28:49,DI-245,2,0,25.57357300000001
2024-11-14 06:28:49,DI-245,2,1,25.28573199999994
2024-11-14 06:28:49,DI-245,2,2,25.093838000000005
2024-11-14 06:28:49,DI-245,2,3,25.66951999999992
2024-11-14 06:29:03,DI-245,1,0,25.28573199999994
2024-11-14 06:29:03,DI-245,1,1,25.093838000000005
2024-11-14 06:29:03,DI-245,1,2,25.28573199999994
2024-11-14 06:29:03,DI-245,1,3,26.149254999999926
2024-11-14 06:29:41,DI-1100,0,0,9.414463432902464e-08
2024-11-14 06:29:49,DI-245,2,0,25.66951999999992
2024-11-14 06:29:49,DI-245,2,1,25.28573199999994
2024-11-14 06:29:49,DI-245,2,2,25.28573199999994
2024-11-14 06:29:49,DI-245,2,3,25.861413999999968
2024-11-14 06:30:03,DI-245,1,0,25.28573199999994
2024-11-14 06:30:03,DI-245,1,1,24.901943999999958
2024-11-14 06:30:03,DI-245,1,2,25.28573199999994
2024-11-14 06:30:03,DI-245,1,3,26.149254999999926
2024-11-14 06:30:41,DI-1100,0,0,9.417992349849252e-08
2024-11-14 06:30:50,DI-245,2,0,25.57357300000001
2024-11-14 06:30:50,DI-245,2,1,25.28573199999994
2024-11-14 06:30:50,DI-245,2,2,25.28573199999994
2024-11-14 06:30:50,DI-245,2,3,25.66951999999992
2024-11-14 06:31:04,DI-245,1,0,25.28573199999994
2024-11-14 06:31:04,DI-245,1,1,24.901943999999958
2024-11-14 06:31:04,DI-245,1,2,25.28573199999994
2024-11-14 06:31:04,DI-245,1,3,26.149254999999926
2024-11-14 06:31:41,DI-1100,0,0,9.410935838239043e-08
2024-11-14 06:31:50,DI-245,2,0,25.57357300000001
2024-11-14 06:31:50,DI-245,2,1,25.28573199999994
2024-11-14 06:31:50,DI-245,2,2,25.28573199999994
2024-11-14 06:31:50,DI-245,2,3,25.66951999999992
2024-11-14 06:32:04,DI-245,1,0,25.28573199999994
2024-11-14 06:32:04,DI-245,1,1,24.901943999999958
2024-11-14 06:32:04,DI-245,1,2,25.28573199999994
2024-11-14 06:32:04,DI-245,1,3,26.149254999999926
2024-11-14 06:32:42,DI-1100,0,0,9.421522589575092e-08
2024-11-14 06:32:50,DI-245,2,0,25.57357300000001
2024-11-14 06:32:50,DI-245,2,1,25.28573199999994
2024-11-14 06:32:50,DI-245,2,2,25.28573199999994
2024-11-14 06:32:50,DI-245,2,3,25.66951999999992
2024-11-14 06:33:05,DI-245,1,0,25.28573199999994
2024-11-14 06:33:05,DI-245,1,1,24.901943999999958
2024-11-14 06:33:05,DI-245,1,2,25.28573199999994
2024-11-14 06:33:05,DI-245,1,3,26.149254999999926
2024-11-14 06:33:42,DI-1100,0,0,9.421522589575092e-08
2024-11-14 06:33:51,DI-245,2,0,25.57357300000001
2024-11-14 06:33:51,DI-245,2,1,25.28573199999994
2024-11-14 06:33:51,DI-245,2,2,25.28573199999994
2024-11-14 06:33:51,DI-245,2,3,25.66951999999992
2024-11-14 06:34:05,DI-245,1,0,25.28573199999994
2024-11-14 06:34:05,DI-245,1,1,24.901943999999958
2024-11-14 06:34:05,DI-245,1,2,25.28573199999994
2024-11-14 06:34:05,DI-245,1,3,26.149254999999926
2024-11-14 06:34:42,DI-1100,0,0,9.400360982995456e-08
2024-11-14 06:34:51,DI-245,2,0,25.57357300000001
2024-11-14 06:34:51,DI-245,2,1,25.28573199999994
2024-11-14 06:34:51,DI-245,2,2,25.093838000000005
2024-11-14 06:34:51,DI-245,2,3,25.66951999999992
2024-11-14 06:35:05,DI-245,1,0,25.28573199999994
2024-11-14 06:35:05,DI-245,1,1,24.901943999999958
2024-11-14 06:35:05,DI-245,1,2,25.28573199999994
2024-11-14 06:35:05,DI-245,1,3,25.95736099999999
2024-11-14 06:35:42,DI-1100,0,0,9.40388461378073e-08
2024-11-14 06:35:51,DI-245,2,0,25.57357300000001
2024-11-14 06:35:51,DI-245,2,1,25.28573199999994
2024-11-14 06:35:51,DI-245,2,2,25.093838000000005
2024-11-14 06:35:51,DI-245,2,3,25.66951999999992
2024-11-14 06:36:05,DI-245,1,0,25.28573199999994
2024-11-14 06:36:05,DI-245,1,1,24.901943999999958
2024-11-14 06:36:05,DI-245,1,2,25.28573199999994
2024-11-14 06:36:05,DI-245,1,3,25.95736099999999
2024-11-14 06:36:42,DI-1100,0,0,9.449812186965558e-08
2024-11-14 06:36:51,DI-245,2,0,25.57357300000001
2024-11-14 06:36:51,DI-245,2,1,25.093838000000005
2024-11-14 06:36:51,DI-245,2,2,24.901943999999958
2024-11-14 06:36:51,DI-245,2,3,25.57357300000001
2024-11-14 06:37:05,DI-245,1,0,25.28573199999994
2024-11-14 06:37:05,DI-245,1,1,24.901943999999958
2024-11-14 06:37:05,DI-245,1,2,25.28573199999994
2024-11-14 06:37:05,DI-245,1,3,26.149254999999926
2024-11-14 06:37:42,DI-1100,0,0,9.439193647250283e-08
2024-11-14 06:37:53,DI-245,2,0,25.57357300000001
2024-11-14 06:37:53,DI-245,2,1,25.093838000000005
2024-11-14 06:37:53,DI-245,2,2,25.093838000000005
2024-11-14 06:37:53,DI-245,2,3,25.66951999999992
2024-11-14 06:38:06,DI-245,1,0,25.28573199999994
2024-11-14 06:38:06,DI-245,1,1,24.901943999999958
2024-11-14 06:38:06,DI-245,1,2,25.28573199999994
2024-11-14 06:38:06,DI-245,1,3,25.95736099999999
2024-11-14 06:38:42,DI-1100,0,0,9.446271347141974e-08
2024-11-14 06:38:53,DI-245,2,0,25.57357300000001
2024-11-14 06:38:53,DI-245,2,1,25.093838000000005
2024-11-14 06:38:53,DI-245,2,2,25.28573199999994
2024-11-14 06:38:53,DI-245,2,3,25.66951999999992
2024-11-14 06:39:06,DI-245,1,0,25.28573199999994
2024-11-14 06:39:06,DI-245,1,1,24.901943999999958
2024-11-14 06:39:06,DI-245,1,2,25.28573199999994
2024-11-14 06:39:06,DI-245,1,3,25.95736099999999
2024-11-14 06:39:42,DI-1100,0,0,9.432121250386008e-08
2024-11-14 06:39:54,DI-245,2,0,25.57357300000001
2024-11-14 06:39:54,DI-245,2,1,25.093838000000005
2024-11-14 06:39:54,DI-245,2,2,25.093838000000005
2024-11-14 06:39:54,DI-245,2,3,25.66951999999992
2024-11-14 06:40:06,DI-245,1,0,25.28573199999994
2024-11-14 06:40:06,DI-245,1,1,24.901943999999958
2024-11-14 06:40:06,DI-245,1,2,25.28573199999994
2024-11-14 06:40:06,DI-245,1,3,25.95736099999999
2024-11-14 06:40:42,DI-1100,0,0,9.471085115538593e-08
2024-11-14 06:40:54,DI-245,2,0,25.57357300000001
2024-11-14 06:40:54,DI-245,2,1,25.093838000000005
2024-11-14 06:40:54,DI-245,2,2,25.28573199999994
2024-11-14 06:40:54,DI-245,2,3,25.66951999999992
2024-11-14 06:41:07,DI-245,1,0,25.28573199999994
2024-11-14 06:41:07,DI-245,1,1,24.901943999999958
2024-11-14 06:41:07,DI-245,1,2,25.28573199999994
2024-11-14 06:41:07,DI-245,1,3,26.149254999999926
2024-11-14 06:41:42,DI-1100,0,0,9.421522589575092e-08
2024-11-14 06:41:54,DI-245,2,0,25.57357300000001
2024-11-14 06:41:54,DI-245,2,1,25.093838000000005
2024-11-14 06:41:54,DI-245,2,2,25.093838000000005
2024-11-14 06:41:54,DI-245,2,3,25.66951999999992
2024-11-14 06:42:07,DI-245,1,0,25.28573199999994
2024-11-14 06:42:07,DI-245,1,1,24.901943999999958
2024-11-14 06:42:07,DI-245,1,2,25.28573199999994
2024-11-14 06:42:07,DI-245,1,3,25.95736099999999
2024-11-14 06:42:42,DI-1100,0,0,9.414463432902464e-08
2024-11-14 06:42:55,DI-245,2,0,25.57357300000001
2024-11-14 06:42:55,DI-245,2,1,25.28573199999994
2024-11-14 06:42:55,DI-245,2,2,24.901943999999958
2024-11-14 06:42:55,DI-245,2,3,25.57357300000001
2024-11-14 06:43:07,DI-245,1,0,25.28573199999994
2024-11-14 06:43:07,DI-245,1,1,24.901943999999958
2024-11-14 06:43:07,DI-245,1,2,25.28573199999994
2024-11-14 06:43:07,DI-245,1,3,25.95736099999999
2024-11-14 06:43:42,DI-1100,0,0,9.347664680831877e-08
2024-11-14 06:43:55,DI-245,2,0,25.57357300000001
2024-11-14 06:43:55,DI-245,2,1,25.093838000000005
2024-11-14 06:43:55,DI-245,2,2,25.093838000000005
2024-11-14 06:43:55,DI-245,2,3,25.57357300000001
2024-11-14 06:44:08,DI-245,1,0,25.28573199999994
2024-11-14 06:44:08,DI-245,1,1,24.901943999999958
2024-11-14 06:44:08,DI-245,1,2,25.28573199999994
2024-11-14 06:44:08,DI-245,1,3,25.95736099999999
2024-11-14 06:44:42,DI-1100,0,0,9.414463432902464e-08
2024-11-14 06:44:55,DI-245,2,0,25.57357300000001
2024-11-14 06:44:55,DI-245,2,1,25.093838000000005
2024-11-14 06:44:55,DI-245,2,2,24.901943999999958
2024-11-14 06:44:55,DI-245,2,3,25.57357300000001
2024-11-14 06:45:08,DI-245,1,0,25.28573199999994
2024-11-14 06:45:08,DI-245,1,1,24.901943999999958
2024-11-14 06:45:08,DI-245,1,2,25.28573199999994
2024-11-14 06:45:08,DI-245,1,3,25.95736099999999
2024-11-14 06:45:42,DI-1100,0,0,9.414463432902464e-08
2024-11-14 06:45:55,DI-245,2,0,25.57357300000001
2024-11-14 06:45:55,DI-245,2,1,25.093838000000005
2024-11-14 06:45:55,DI-245,2,2,25.093838000000005
2024-11-14 06:45:55,DI-245,2,3,25.57357300000001
2024-11-14 06:46:09,DI-245,1,0,25.28573199999994
2024-11-14 06:46:09,DI-245,1,1,24.901943999999958
2024-11-14 06:46:09,DI-245,1,2,25.28573199999994
2024-11-14 06:46:09,DI-245,1,3,25.861413999999968
2024-11-14 06:46:42,DI-1100,0,0,9.425054152575792e-08
2024-11-14 06:46:56,DI-245,2,0,25.57357300000001
2024-11-14 06:46:56,DI-245,2,1,25.093838000000005
2024-11-14 06:46:56,DI-245,2,2,24.901943999999958
2024-11-14 06:46:56,DI-245,2,3,25.57357300000001
2024-11-14 06:47:09,DI-245,1,0,25.28573199999994
2024-11-14 06:47:09,DI-245,1,1,24.901943999999958
2024-11-14 06:47:09,DI-245,1,2,25.28573199999994
2024-11-14 06:47:09,DI-245,1,3,25.95736099999999
2024-11-14 06:47:42,DI-1100,0,0,9.372219426076388e-08
2024-11-14 06:47:56,DI-245,2,0,25.57357300000001
2024-11-14 06:47:56,DI-245,2,1,25.093838000000005
2024-11-14 06:47:56,DI-245,2,2,24.901943999999958
2024-11-14 06:47:56,DI-245,2,3,25.57357300000001
2024-11-14 06:48:10,DI-245,1,0,25.28573199999994
2024-11-14 06:48:10,DI-245,1,1,24.901943999999958
2024-11-14 06:48:10,DI-245,1,2,25.28573199999994
2024-11-14 06:48:10,DI-245,1,3,25.95736099999999
2024-11-14 06:48:42,DI-1100,0,0,9.407409565363549e-08
2024-11-14 06:48:56,DI-245,2,0,25.57357300000001
2024-11-14 06:48:56,DI-245,2,1,25.093838000000005
2024-11-14 06:48:56,DI-245,2,2,24.901943999999958
2024-11-14 06:48:56,DI-245,2,3,25.57357300000001
2024-11-14 06:49:10,DI-245,1,0,25.28573199999994
2024-11-14 06:49:10,DI-245,1,1,24.901943999999958
2024-11-14 06:49:10,DI-245,1,2,25.28573199999994
2024-11-14 06:49:10,DI-245,1,3,25.95736099999999
2024-11-14 06:49:42,DI-1100,0,0,9.396838672512848e-08
2024-11-14 06:49:57,DI-245,2,0,25.57357300000001
2024-11-14 06:49:57,DI-245,2,1,25.093838000000005
2024-11-14 06:49:57,DI-245,2,2,24.901943999999958
2024-11-14 06:49:57,DI-245,2,3,25.57357300000001
2024-11-14 06:50:11,DI-245,1,0,25.28573199999994
2024-11-14 06:50:11,DI-245,1,1,24.901943999999958
2024-11-14 06:50:11,DI-245,1,2,25.28573199999994
2024-11-14 06:50:11,DI-245,1,3,25.95736099999999
2024-11-14 06:50:43,DI-1100,0,0,9.37573250828202e-08
2024-11-14 06:50:57,DI-245,2,0,25.381678999999963
2024-11-14 06:50:57,DI-245,2,1,25.093838000000005
2024-11-14 06:50:57,DI-245,2,2,24.901943999999958
2024-11-14 06:50:57,DI-245,2,3,25.57357300000001
2024-11-14 06:51:11,DI-245,1,0,25.28573199999994
2024-11-14 06:51:11,DI-245,1,1,24.901943999999958
2024-11-14 06:51:11,DI-245,1,2,25.28573199999994
2024-11-14 06:51:11,DI-245,1,3,25.95736099999999
2024-11-14 06:51:43,DI-1100,0,0,9.400360982995456e-08
2024-11-14 06:51:57,DI-245,2,0,25.381678999999963
2024-11-14 06:51:57,DI-245,2,1,24.901943999999958
2024-11-14 06:51:57,DI-245,2,2,24.901943999999958
2024-11-14 06:51:57,DI-245,2,3,25.57357300000001
2024-11-14 06:52:12,DI-245,1,0,25.28573199999994
2024-11-14 06:52:12,DI-245,1,1,24.901943999999958
2024-11-14 06:52:12,DI-245,1,2,25.28573199999994
2024-11-14 06:52:12,DI-245,1,3,25.95736099999999
2024-11-14 06:52:43,DI-1100,0,0,9.400360982995456e-08
2024-11-14 06:52:57,DI-245,2,0,25.57357300000001
2024-11-14 06:52:57,DI-245,2,1,24.901943999999958
2024-11-14 06:52:57,DI-245,2,2,24.901943999999958
2024-11-14 06:52:57,DI-245,2,3,25.57357300000001
2024-11-14 06:53:12,DI-245,1,0,25.28573199999994
2024-11-14 06:53:12,DI-245,1,1,24.901943999999958
2024-11-14 06:53:12,DI-245,1,2,25.28573199999994
2024-11-14 06:53:12,DI-245,1,3,25.861413999999968
2024-11-14 06:53:43,DI-1100,0,0,9.396838672512848e-08
2024-11-14 06:53:58,DI-245,2,0,25.28573199999994
2024-11-14 06:53:58,DI-245,2,1,24.901943999999958
2024-11-14 06:53:58,DI-245,2,2,24.901943999999958
2024-11-14 06:53:58,DI-245,2,3,25.57357300000001
2024-11-14 06:54:13,DI-245,1,0,25.28573199999994
2024-11-14 06:54:13,DI-245,1,1,24.901943999999958
2024-11-14 06:54:13,DI-245,1,2,25.28573199999994
2024-11-14 06:54:13,DI-245,1,3,25.95736099999999
2024-11-14 06:54:43,DI-1100,0,0,9.449812186965558e-08
2024-11-14 06:54:58,DI-245,2,0,25.381678999999963
2024-11-14 06:54:58,DI-245,2,1,24.901943999999958
2024-11-14 06:54:58,DI-245,2,2,24.805996999999934
2024-11-14 06:54:58,DI-245,2,3,25.57357300000001
2024-11-14 06:55:13,DI-245,1,0,25.28573199999994
2024-11-14 06:55:13,DI-245,1,1,24.901943999999958
2024-11-14 06:55:13,DI-245,1,2,25.28573199999994
2024-11-14 06:55:13,DI-245,1,3,25.861413999999968
2024-11-14 06:55:43,DI-1100,0,0,9.40388461378073e-08
2024-11-14 06:55:58,DI-245,2,0,25.57357300000001
2024-11-14 06:55:58,DI-245,2,1,25.093838000000005
2024-11-14 06:55:58,DI-245,2,2,24.901943999999958
2024-11-14 06:55:58,DI-245,2,3,25.57357300000001
2024-11-14 06:56:13,DI-245,1,0,25.28573199999994
2024-11-14 06:56:13,DI-245,1,1,24.901943999999958
2024-11-14 06:56:13,DI-245,1,2,25.28573199999994
2024-11-14 06:56:13,DI-245,1,3,25.95736099999999
2024-11-14 06:56:43,DI-1100,0,0,9.42858703934735e-08
2024-11-14 06:56:58,DI-245,2,0,25.57357300000001
2024-11-14 06:56:58,DI-245,2,1,25.093838000000005
2024-11-14 06:56:58,DI-245,2,2,24.901943999999958
2024-11-14 06:56:58,DI-245,2,3,25.57357300000001
2024-11-14 06:57:13,DI-245,1,0,25.28573199999994
2024-11-14 06:57:13,DI-245,1,1,24.901943999999958
2024-11-14 06:57:13,DI-245,1,2,25.28573199999994
2024-11-14 06:57:13,DI-245,1,3,25.861413999999968
2024-11-14 06:57:43,DI-1100,0,0,9.386279657934786e-08
2024-11-14 06:57:58,DI-245,2,0,25.381678999999963
2024-11-14 06:57:58,DI-245,2,1,24.901943999999958
2024-11-14 06:57:58,DI-245,2,2,24.901943999999958
2024-11-14 06:57:58,DI-245,2,3,25.57357300000001
2024-11-14 06:58:14,DI-245,1,0,25.28573199999994
2024-11-14 06:58:14,DI-245,1,1,24.901943999999958
2024-11-14 06:58:14,DI-245,1,2,25.28573199999994
2024-11-14 06:58:14,DI-245,1,3,25.861413999999968
2024-11-14 06:58:43,DI-1100,0,0,9.432121250386008e-08
2024-11-14 06:58:59,DI-245,2,0,25.381678999999963
2024-11-14 06:58:59,DI-245,2,1,24.901943999999958
2024-11-14 06:58:59,DI-245,2,2,24.901943999999958
2024-11-14 06:58:59,DI-245,2,3,25.57357300000001
2024-11-14 06:59:14,DI-245,1,0,25.093838000000005
2024-11-14 06:59:14,DI-245,1,1,24.901943999999958
2024-11-14 06:59:14,DI-245,1,2,25.28573199999994
2024-11-14 06:59:14,DI-245,1,3,25.861413999999968
2024-11-14 06:59:43,DI-1100,0,0,9.407409565363549e-08
2024-11-14 06:59:59,DI-245,2,0,25.28573199999994
2024-11-14 06:59:59,DI-245,2,1,24.901943999999958
2024-11-14 06:59:59,DI-245,2,2,24.901943999999958
2024-11-14 06:59:59,DI-245,2,3,25.57357300000001
2024-11-14 07:00:14,DI-245,1,0,25.28573199999994
2024-11-14 07:00:14,DI-245,1,1,24.901943999999958
2024-11-14 07:00:14,DI-245,1,2,25.28573199999994
2024-11-14 07:00:14,DI-245,1,3,25.861413999999968
2024-11-14 07:00:43,DI-1100,0,0,9.425054152575792e-08
2024-11-14 07:00:59,DI-245,2,0,25.28573199999994
2024-11-14 07:00:59,DI-245,2,1,24.901943999999958
2024-11-14 07:00:59,DI-245,2,2,24.901943999999958
2024-11-14 07:00:59,DI-245,2,3,25.57357300000001
2024-11-14 07:01:15,DI-245,1,0,24.901943999999958
2024-11-14 07:01:15,DI-245,1,1,24.901943999999958
2024-11-14 07:01:15,DI-245,1,2,25.28573199999994
2024-11-14 07:01:15,DI-245,1,3,25.861413999999968
2024-11-14 07:01:43,DI-1100,0,0,9.414463432902464e-08
2024-11-14 07:02:00,DI-245,2,0,25.28573199999994
2024-11-14 07:02:00,DI-245,2,1,25.093838000000005
2024-11-14 07:02:00,DI-245,2,2,24.901943999999958
2024-11-14 07:02:00,DI-245,2,3,25.57357300000001
2024-11-14 07:02:15,DI-245,1,0,25.28573199999994
2024-11-14 07:02:15,DI-245,1,1,24.901943999999958
2024-11-14 07:02:15,DI-245,1,2,25.28573199999994
2024-11-14 07:02:15,DI-245,1,3,25.861413999999968
2024-11-14 07:02:43,DI-1100,0,0,9.432121250386008e-08
2024-11-14 07:03:00,DI-245,2,0,25.28573199999994
2024-11-14 07:03:00,DI-245,2,1,24.805996999999934
2024-11-14 07:03:00,DI-245,2,2,24.901943999999958
2024-11-14 07:03:00,DI-245,2,3,25.57357300000001
2024-11-14 07:03:15,DI-245,1,0,25.28573199999994
2024-11-14 07:03:15,DI-245,1,1,24.901943999999958
2024-11-14 07:03:15,DI-245,1,2,24.901943999999958
2024-11-14 07:03:15,DI-245,1,3,25.861413999999968
2024-11-14 07:03:44,DI-1100,0,0,9.485293666002613e-08
2024-11-14 07:04:00,DI-245,2,0,25.28573199999994
2024-11-14 07:04:00,DI-245,2,1,24.805996999999934
2024-11-14 07:04:00,DI-245,2,2,24.901943999999958
2024-11-14 07:04:00,DI-245,2,3,25.57357300000001
2024-11-14 07:04:15,DI-245,1,0,24.901943999999958
2024-11-14 07:04:15,DI-245,1,1,24.901943999999958
2024-11-14 07:04:15,DI-245,1,2,25.28573199999994
2024-11-14 07:04:15,DI-245,1,3,25.861413999999968
2024-11-14 07:04:44,DI-1100,0,0,9.453354354037362e-08
2024-11-14 07:05:00,DI-245,2,0,25.381678999999963
2024-11-14 07:05:00,DI-245,2,1,24.901943999999958
2024-11-14 07:05:00,DI-245,2,2,24.805996999999934
2024-11-14 07:05:00,DI-245,2,3,25.57357300000001
2024-11-14 07:05:15,DI-245,1,0,25.28573199999994
2024-11-14 07:05:15,DI-245,1,1,24.901943999999958
2024-11-14 07:05:15,DI-245,1,2,25.28573199999994
2024-11-14 07:05:15,DI-245,1,3,25.861413999999968
2024-11-14 07:05:44,DI-1100,0,0,9.425054152575792e-08
2024-11-14 07:06:00,DI-245,2,0,25.381678999999963
2024-11-14 07:06:00,DI-245,2,1,24.901943999999958
2024-11-14 07:06:00,DI-245,2,2,24.901943999999958
2024-11-14 07:06:00,DI-245,2,3,25.57357300000001
2024-11-14 07:06:16,DI-245,1,0,25.093838000000005
2024-11-14 07:06:16,DI-245,1,1,24.901943999999958
2024-11-14 07:06:16,DI-245,1,2,25.093838000000005
2024-11-14 07:06:16,DI-245,1,3,25.861413999999968
2024-11-14 07:06:44,DI-1100,0,0,9.368707660220854e-08
2024-11-14 07:07:00,DI-245,2,0,25.381678999999963
2024-11-14 07:07:00,DI-245,2,1,24.901943999999958
2024-11-14 07:07:00,DI-245,2,2,24.901943999999958
2024-11-14 07:07:00,DI-245,2,3,25.57357300000001
2024-11-14 07:07:16,DI-245,1,0,25.093838000000005
2024-11-14 07:07:16,DI-245,1,1,24.901943999999958
2024-11-14 07:07:16,DI-245,1,2,25.28573199999994
2024-11-14 07:07:16,DI-245,1,3,25.861413999999968
2024-11-14 07:07:44,DI-1100,0,0,9.471085115538593e-08
2024-11-14 07:08:01,DI-245,2,0,25.381678999999963
2024-11-14 07:08:01,DI-245,2,1,24.901943999999958
2024-11-14 07:08:01,DI-245,2,2,24.805996999999934
2024-11-14 07:08:01,DI-245,2,3,25.57357300000001
2024-11-14 07:08:17,DI-245,1,0,25.093838000000005
2024-11-14 07:08:17,DI-245,1,1,24.901943999999958
2024-11-14 07:08:17,DI-245,1,2,25.093838000000005
2024-11-14 07:08:17,DI-245,1,3,25.861413999999968
2024-11-14 07:08:44,DI-1100,0,0,9.40388461378073e-08
2024-11-14 07:09:01,DI-245,2,0,25.28573199999994
2024-11-14 07:09:01,DI-245,2,1,24.805996999999934
2024-11-14 07:09:01,DI-245,2,2,24.901943999999958
2024-11-14 07:09:01,DI-245,2,3,25.381678999999963
2024-11-14 07:09:17,DI-245,1,0,24.901943999999958
2024-11-14 07:09:17,DI-245,1,1,24.901943999999958
2024-11-14 07:09:17,DI-245,1,2,25.093838000000005
2024-11-14 07:09:17,DI-245,1,3,25.66951999999992
2024-11-14 07:09:44,DI-1100,0,0,9.425054152575792e-08
2024-11-14 07:10:01,DI-245,2,0,25.28573199999994
2024-11-14 07:10:01,DI-245,2,1,24.805996999999934
2024-11-14 07:10:01,DI-245,2,2,24.901943999999958
2024-11-14 07:10:01,DI-245,2,3,25.381678999999963
2024-11-14 07:10:18,DI-245,1,0,24.901943999999958
2024-11-14 07:10:18,DI-245,1,1,24.805996999999934
2024-11-14 07:10:18,DI-245,1,2,25.093838000000005
2024-11-14 07:10:18,DI-245,1,3,25.66951999999992
2024-11-14 07:10:44,DI-1100,0,0,9.407409565363549e-08
2024-11-14 07:11:02,DI-245,2,0,25.381678999999963
2024-11-14 07:11:02,DI-245,2,1,24.805996999999934
2024-11-14 07:11:02,DI-245,2,2,24.901943999999958
2024-11-14 07:11:02,DI-245,2,3,25.381678999999963
2024-11-14 07:11:18,DI-245,1,0,24.901943999999958
2024-11-14 07:11:18,DI-245,1,1,24.805996999999934
2024-11-14 07:11:18,DI-245,1,2,24.901943999999958
2024-11-14 07:11:18,DI-245,1,3,25.57357300000001
2024-11-14 07:11:44,DI-1100,0,0,9.40388461378073e-08
2024-11-14 07:12:02,DI-245,2,0,25.381678999999963
2024-11-14 07:12:02,DI-245,2,1,24.901943999999958
2024-11-14 07:12:02,DI-245,2,2,24.901943999999958
2024-11-14 07:12:02,DI-245,2,3,25.381678999999963
2024-11-14 07:12:18,DI-245,1,0,24.901943999999958
2024-11-14 07:12:18,DI-245,1,1,24.805996999999934
2024-11-14 07:12:18,DI-245,1,2,24.901943999999958
2024-11-14 07:12:18,DI-245,1,3,25.57357300000001
2024-11-14 07:12:44,DI-1100,0,0,9.446271347141974e-08
2024-11-14 07:13:02,DI-245,2,0,25.381678999999963
2024-11-14 07:13:02,DI-245,2,1,24.901943999999958
2024-11-14 07:13:02,DI-245,2,2,24.805996999999934
2024-11-14 07:13:02,DI-245,2,3,25.28573199999994
2024-11-14 07:13:18,DI-245,1,0,24.901943999999958
2024-11-14 07:13:18,DI-245,1,1,24.614103
2024-11-14 07:13:18,DI-245,1,2,24.901943999999958
2024-11-14 07:13:18,DI-245,1,3,25.57357300000001
2024-11-14 07:13:44,DI-1100,0,0,9.379246907331208e-08
2024-11-14 07:14:02,DI-245,2,0,25.381678999999963
2024-11-14 07:14:02,DI-245,2,1,24.901943999999958
2024-11-14 07:14:02,DI-245,2,2,24.901943999999958
2024-11-14 07:14:02,DI-245,2,3,25.381678999999963
2024-11-14 07:14:18,DI-245,1,0,25.093838000000005
2024-11-14 07:14:18,DI-245,1,1,24.805996999999934
2024-11-14 07:14:18,DI-245,1,2,24.901943999999958
2024-11-14 07:14:18,DI-245,1,3,25.57357300000001
2024-11-14 07:14:44,DI-1100,0,0,9.396838672512848e-08
2024-11-14 07:15:03,DI-245,2,0,25.381678999999963
2024-11-14 07:15:03,DI-245,2,1,24.901943999999958
2024-11-14 07:15:03,DI-245,2,2,24.901943999999958
2024-11-14 07:15:03,DI-245,2,3,25.28573199999994
2024-11-14 07:15:18,DI-245,1,0,25.093838000000005
2024-11-14 07:15:18,DI-245,1,1,24.805996999999934
2024-11-14 07:15:18,DI-245,1,2,24.901943999999958
2024-11-14 07:15:18,DI-245,1,3,25.57357300000001
2024-11-14 07:15:44,DI-1100,0,0,9.474635256553753e-08
2024-11-14 07:16:03,DI-245,2,0,25.381678999999963
2024-11-14 07:16:03,DI-245,2,1,24.901943999999958
2024-11-14 07:16:03,DI-245,2,2,24.901943999999958
2024-11-14 07:16:03,DI-245,2,3,25.28573199999994
2024-11-14 07:16:18,DI-245,1,0,24.901943999999958
2024-11-14 07:16:18,DI-245,1,1,24.805996999999934
2024-11-14 07:16:18,DI-245,1,2,24.901943999999958
2024-11-14 07:16:18,DI-245,1,3,25.57357300000001
2024-11-14 07:16:44,DI-1100,0,0,9.435656786188134e-08
2024-11-14 07:17:03,DI-245,2,0,25.381678999999963
2024-11-14 07:17:03,DI-245,2,1,24.901943999999958
2024-11-14 07:17:03,DI-245,2,2,24.805996999999934
2024-11-14 07:17:03,DI-245,2,3,25.381678999999963
2024-11-14 07:17:18,DI-245,1,0,24.901943999999958
2024-11-14 07:17:18,DI-245,1,1,24.805996999999934
2024-11-14 07:17:18,DI-245,1,2,24.901943999999958
2024-11-14 07:17:18,DI-245,1,3,25.381678999999963
2024-11-14 07:17:44,DI-1100,0,0,9.425054152575792e-08
2024-11-14 07:18:04,DI-245,2,0,25.381678999999963
2024-11-14 07:18:04,DI-245,2,1,24.901943999999958
2024-11-14 07:18:04,DI-245,2,2,24.901943999999958
2024-11-14 07:18:04,DI-245,2,3,25.381678999999963
2024-11-14 07:18:19,DI-245,1,0,24.901943999999958
2024-11-14 07:18:19,DI-245,1,1,24.805996999999934
2024-11-14 07:18:19,DI-245,1,2,24.901943999999958
2024-11-14 07:18:19,DI-245,1,3,25.381678999999963
2024-11-14 07:18:45,DI-1100,0,0,9.421522589575092e-08
2024-11-14 07:19:04,DI-245,2,0,25.381678999999963
2024-11-14 07:19:04,DI-245,2,1,24.901943999999958
2024-11-14 07:19:04,DI-245,2,2,24.901943999999958
2024-11-14 07:19:04,DI-245,2,3,25.28573199999994
2024-11-14 07:19:19,DI-245,1,0,24.901943999999958
2024-11-14 07:19:19,DI-245,1,1,24.614103
2024-11-14 07:19:19,DI-245,1,2,24.805996999999934
2024-11-14 07:19:19,DI-245,1,3,25.381678999999963
2024-11-14 07:19:45,DI-1100,0,0,9.49240593262847e-08
2024-11-14 07:20:04,DI-245,2,0,25.381678999999963
2024-11-14 07:20:04,DI-245,2,1,25.093838000000005
2024-11-14 07:20:04,DI-245,2,2,24.901943999999958
2024-11-14 07:20:04,DI-245,2,3,25.28573199999994
2024-11-14 07:20:20,DI-245,1,0,24.901943999999958
2024-11-14 07:20:20,DI-245,1,1,24.805996999999934
2024-11-14 07:20:20,DI-245,1,2,24.901943999999958
2024-11-14 07:20:20,DI-245,1,3,25.381678999999963
2024-11-14 07:20:45,DI-1100,0,0,9.456897848854873e-08
2024-11-14 07:21:04,DI-245,2,0,25.381678999999963
2024-11-14 07:21:04,DI-245,2,1,25.093838000000005
2024-11-14 07:21:04,DI-245,2,2,24.901943999999958
2024-11-14 07:21:04,DI-245,2,3,25.28573199999994
2024-11-14 07:21:20,DI-245,1,0,24.901943999999958
2024-11-14 07:21:20,DI-245,1,1,24.805996999999934
2024-11-14 07:21:20,DI-245,1,2,24.901943999999958
2024-11-14 07:21:20,DI-245,1,3,25.381678999999963
2024-11-14 07:21:45,DI-1100,0,0,9.49240593262847e-08
2024-11-14 07:22:04,DI-245,2,0,25.381678999999963
2024-11-14 07:22:04,DI-245,2,1,24.805996999999934
2024-11-14 07:22:04,DI-245,2,2,24.901943999999958
2024-11-14 07:22:04,DI-245,2,3,25.28573199999994
2024-11-14 07:22:21,DI-245,1,0,25.093838000000005
2024-11-14 07:22:21,DI-245,1,1,24.805996999999934
2024-11-14 07:22:21,DI-245,1,2,24.901943999999958
2024-11-14 07:22:21,DI-245,1,3,25.57357300000001
2024-11-14 07:22:45,DI-1100,0,0,9.421522589575092e-08
2024-11-14 07:23:04,DI-245,2,0,25.381678999999963
2024-11-14 07:23:04,DI-245,2,1,24.901943999999958
2024-11-14 07:23:04,DI-245,2,2,24.901943999999958
2024-11-14 07:23:04,DI-245,2,3,25.381678999999963
2024-11-14 07:23:21,DI-245,1,0,25.093838000000005
2024-11-14 07:23:21,DI-245,1,1,24.805996999999934
2024-11-14 07:23:21,DI-245,1,2,24.901943999999958
2024-11-14 07:23:21,DI-245,1,3,25.381678999999963
2024-11-14 07:23:45,DI-1100,0,0,9.42858703934735e-08
2024-11-14 07:24:05,DI-245,2,0,25.381678999999963
2024-11-14 07:24:05,DI-245,2,1,24.901943999999958
2024-11-14 07:24:05,DI-245,2,2,24.805996999999934
2024-11-14 07:24:05,DI-245,2,3,25.28573199999994
2024-11-14 07:24:21,DI-245,1,0,25.093838000000005
2024-11-14 07:24:21,DI-245,1,1,24.901943999999958
2024-11-14 07:24:21,DI-245,1,2,24.901943999999958
2024-11-14 07:24:21,DI-245,1,3,25.57357300000001
2024-11-14 07:24:45,DI-1100,0,0,9.460442671915764e-08
2024-11-14 07:25:05,DI-245,2,0,25.381678999999963
2024-11-14 07:25:05,DI-245,2,1,24.901943999999958
2024-11-14 07:25:05,DI-245,2,2,24.805996999999934
2024-11-14 07:25:05,DI-245,2,3,25.28573199999994
2024-11-14 07:25:21,DI-245,1,0,24.901943999999958
2024-11-14 07:25:21,DI-245,1,1,24.614103
2024-11-14 07:25:21,DI-245,1,2,24.901943999999958
2024-11-14 07:25:21,DI-245,1,3,25.57357300000001
2024-11-14 07:25:45,DI-1100,0,0,9.446271347141974e-08
2024-11-14 07:26:05,DI-245,2,0,25.381678999999963
2024-11-14 07:26:05,DI-245,2,1,24.901943999999958
2024-11-14 07:26:05,DI-245,2,2,24.805996999999934
2024-11-14 07:26:05,DI-245,2,3,25.381678999999963
2024-11-14 07:26:21,DI-245,1,0,24.901943999999958
2024-11-14 07:26:21,DI-245,1,1,24.805996999999934
2024-11-14 07:26:21,DI-245,1,2,25.093838000000005
2024-11-14 07:26:21,DI-245,1,3,25.66951999999992
2024-11-14 07:26:45,DI-1100,0,0,9.42858703934735e-08
2024-11-14 07:27:06,DI-245,2,0,25.381678999999963
2024-11-14 07:27:06,DI-245,2,1,24.901943999999958
2024-11-14 07:27:06,DI-245,2,2,24.805996999999934
2024-11-14 07:27:06,DI-245,2,3,25.381678999999963
2024-11-14 07:27:22,DI-245,1,0,24.901943999999958
2024-11-14 07:27:22,DI-245,1,1,24.805996999999934
2024-11-14 07:27:22,DI-245,1,2,24.901943999999958
2024-11-14 07:27:22,DI-245,1,3,25.66951999999992
2024-11-14 07:27:45,DI-1100,0,0,9.467536304759485e-08
2024-11-14 07:28:06,DI-245,2,0,25.381678999999963
2024-11-14 07:28:06,DI-245,2,1,24.901943999999958
2024-11-14 07:28:06,DI-245,2,2,24.805996999999934
2024-11-14 07:28:06,DI-245,2,3,25.381678999999963
2024-11-14 07:28:22,DI-245,1,0,24.901943999999958
2024-11-14 07:28:22,DI-245,1,1,24.805996999999934
2024-11-14 07:28:22,DI-245,1,2,24.901943999999958
2024-11-14 07:28:22,DI-245,1,3,25.66951999999992
2024-11-14 07:28:45,DI-1100,0,0,9.435656786188134e-08
2024-11-14 07:29:06,DI-245,2,0,25.28573199999994
2024-11-14 07:29:06,DI-245,2,1,24.805996999999934
2024-11-14 07:29:06,DI-245,2,2,24.805996999999934
2024-11-14 07:29:06,DI-245,2,3,25.381678999999963
2024-11-14 07:29:23,DI-245,1,0,24.901943999999958
2024-11-14 07:29:23,DI-245,1,1,24.805996999999934
2024-11-14 07:29:23,DI-245,1,2,25.093838000000005
2024-11-14 07:29:23,DI-245,1,3,25.66951999999992
2024-11-14 07:29:46,DI-1100,0,0,9.417992349849252e-08
2024-11-14 07:30:07,DI-245,2,0,25.28573199999994
2024-11-14 07:30:07,DI-245,2,1,24.805996999999934
2024-11-14 07:30:07,DI-245,2,2,24.805996999999934
2024-11-14 07:30:07,DI-245,2,3,25.381678999999963
2024-11-14 07:30:23,DI-245,1,0,24.901943999999958
2024-11-14 07:30:23,DI-245,1,1,24.805996999999934
2024-11-14 07:30:23,DI-245,1,2,25.093838000000005
2024-11-14 07:30:23,DI-245,1,3,25.66951999999992
2024-11-14 07:30:46,DI-1100,0,0,9.421522589575092e-08
2024-11-14 07:31:07,DI-245,2,0,25.093838000000005
2024-11-14 07:31:07,DI-245,2,1,24.805996999999934
2024-11-14 07:31:07,DI-245,2,2,24.805996999999934
2024-11-14 07:31:07,DI-245,2,3,25.381678999999963
2024-11-14 07:31:23,DI-245,1,0,24.901943999999958
2024-11-14 07:31:23,DI-245,1,1,24.805996999999934
2024-11-14 07:31:23,DI-245,1,2,25.093838000000005
2024-11-14 07:31:23,DI-245,1,3,25.66951999999992
2024-11-14 07:31:46,DI-1100,0,0,9.417992349849252e-08
2024-11-14 07:32:07,DI-245,2,0,25.28573199999994
2024-11-14 07:32:07,DI-245,2,1,24.805996999999934
2024-11-14 07:32:07,DI-245,2,2,24.805996999999934
2024-11-14 07:32:07,DI-245,2,3,25.381678999999963
2024-11-14 07:32:23,DI-245,1,0,24.805996999999934
2024-11-14 07:32:23,DI-245,1,1,24.805996999999934
2024-11-14 07:32:23,DI-245,1,2,25.093838000000005
2024-11-14 07:32:23,DI-245,1,3,25.66951999999992
2024-11-14 07:32:46,DI-1100,0,0,9.432121250386008e-08
2024-11-14 07:33:07,DI-245,2,0,25.28573199999994
2024-11-14 07:33:07,DI-245,2,1,24.805996999999934
2024-11-14 07:33:07,DI-245,2,2,24.805996999999934
2024-11-14 07:33:07,DI-245,2,3,25.381678999999963
2024-11-14 07:33:24,DI-245,1,0,24.901943999999958
2024-11-14 07:33:24,DI-245,1,1,24.805996999999934
2024-11-14 07:33:24,DI-245,1,2,24.901943999999958
2024-11-14 07:33:24,DI-245,1,3,25.66951999999992
2024-11-14 07:33:46,DI-1100,0,0,9.42858703934735e-08
2024-11-14 07:34:08,DI-245,2,0,25.28573199999994
2024-11-14 07:34:08,DI-245,2,1,24.805996999999934
2024-11-14 07:34:08,DI-245,2,2,24.614103
2024-11-14 07:34:08,DI-245,2,3,25.381678999999963
2024-11-14 07:34:24,DI-245,1,0,24.805996999999934
2024-11-14 07:34:24,DI-245,1,1,24.805996999999934
2024-11-14 07:34:24,DI-245,1,2,25.093838000000005
2024-11-14 07:34:24,DI-245,1,3,25.66951999999992
2024-11-14 07:34:46,DI-1100,0,0,9.456897848854873e-08
2024-11-14 07:35:08,DI-245,2,0,25.28573199999994
2024-11-14 07:35:08,DI-245,2,1,24.805996999999934
2024-11-14 07:35:08,DI-245,2,2,24.805996999999934
2024-11-14 07:35:08,DI-245,2,3,25.381678999999963
2024-11-14 07:35:24,DI-245,1,0,24.805996999999934
2024-11-14 07:35:24,DI-245,1,1,24.805996999999934
2024-11-14 07:35:24,DI-245,1,2,24.901943999999958
2024-11-14 07:35:24,DI-245,1,3,25.57357300000001
2024-11-14 07:35:46,DI-1100,0,0,9.456897848854873e-08
2024-11-14 07:36:08,DI-245,2,0,25.28573199999994
2024-11-14 07:36:08,DI-245,2,1,24.805996999999934
2024-11-14 07:36:08,DI-245,2,2,24.805996999999934
2024-11-14 07:36:08,DI-245,2,3,25.381678999999963
2024-11-14 07:36:25,DI-245,1,0,24.901943999999958
2024-11-14 07:36:25,DI-245,1,1,24.805996999999934
2024-11-14 07:36:25,DI-245,1,2,24.901943999999958
2024-11-14 07:36:25,DI-245,1,3,25.57357300000001
2024-11-14 07:36:46,DI-1100,0,0,9.460442671915764e-08
2024-11-14 07:37:09,DI-245,2,0,25.28573199999994
2024-11-14 07:37:09,DI-245,2,1,24.805996999999934
2024-11-14 07:37:09,DI-245,2,2,24.805996999999934
2024-11-14 07:37:09,DI-245,2,3,25.381678999999963
2024-11-14 07:37:25,DI-245,1,0,24.901943999999958
2024-11-14 07:37:25,DI-245,1,1,24.805996999999934
2024-11-14 07:37:25,DI-245,1,2,25.093838000000005
2024-11-14 07:37:25,DI-245,1,3,25.57357300000001
2024-11-14 07:37:46,DI-1100,0,0,9.449812186965558e-08
2024-11-14 07:38:09,DI-245,2,0,25.28573199999994
2024-11-14 07:38:09,DI-245,2,1,24.805996999999934
2024-11-14 07:38:09,DI-245,2,2,24.805996999999934
2024-11-14 07:38:09,DI-245,2,3,25.381678999999963
2024-11-14 07:38:25,DI-245,1,0,24.805996999999934
2024-11-14 07:38:25,DI-245,1,1,24.901943999999958
2024-11-14 07:38:25,DI-245,1,2,24.901943999999958
2024-11-14 07:38:25,DI-245,1,3,25.57357300000001
2024-11-14 07:38:46,DI-1100,0,0,9.435656786188134e-08
2024-11-14 07:39:09,DI-245,2,0,25.28573199999994
2024-11-14 07:39:09,DI-245,2,1,24.614103
2024-11-14 07:39:09,DI-245,2,2,24.805996999999934
2024-11-14 07:39:09,DI-245,2,3,25.381678999999963
2024-11-14 07:39:26,DI-245,1,0,24.805996999999934
2024-11-14 07:39:26,DI-245,1,1,24.901943999999958
2024-11-14 07:39:26,DI-245,1,2,24.901943999999958
2024-11-14 07:39:26,DI-245,1,3,25.57357300000001
2024-11-14 07:39:46,DI-1100,0,0,9.417992349849252e-08
2024-11-14 07:40:10,DI-245,2,0,25.381678999999963
2024-11-14 07:40:10,DI-245,2,1,24.805996999999934
2024-11-14 07:40:10,DI-245,2,2,24.805996999999934
2024-11-14 07:40:10,DI-245,2,3,25.381678999999963
2024-11-14 07:40:26,DI-245,1,0,24.805996999999934
2024-11-14 07:40:26,DI-245,1,1,24.901943999999958
2024-11-14 07:40:26,DI-245,1,2,24.901943999999958
2024-11-14 07:40:26,DI-245,1,3,25.57357300000001
2024-11-14 07:40:47,DI-1100,0,0,9.446271347141974e-08
2024-11-14 07:41:10,DI-245,2,0,25.28573199999994
2024-11-14 07:41:10,DI-245,2,1,24.805996999999934
2024-11-14 07:41:10,DI-245,2,2,24.614103
2024-11-14 07:41:10,DI-245,2,3,25.381678999999963
2024-11-14 07:41:26,DI-245,1,0,24.805996999999934
2024-11-14 07:41:26,DI-245,1,1,24.901943999999958
2024-11-14 07:41:26,DI-245,1,2,24.901943999999958
2024-11-14 07:41:26,DI-245,1,3,25.57357300000001
2024-11-14 07:41:47,DI-1100,0,0,9.417992349849252e-08
2024-11-14 07:42:10,DI-245,2,0,25.28573199999994
2024-11-14 07:42:10,DI-245,2,1,24.614103
2024-11-14 07:42:10,DI-245,2,2,24.614103
2024-11-14 07:42:10,DI-245,2,3,25.381678999999963
2024-11-14 07:42:26,DI-245,1,0,24.805996999999934
2024-11-14 07:42:26,DI-245,1,1,24.805996999999934
2024-11-14 07:42:26,DI-245,1,2,24.901943999999958
2024-11-14 07:42:26,DI-245,1,3,25.57357300000001
2024-11-14 07:42:47,DI-1100,0,0,9.463988823717953e-08
2024-11-14 07:43:10,DI-245,2,0,25.28573199999994
2024-11-14 07:43:10,DI-245,2,1,24.614103
2024-11-14 07:43:10,DI-245,2,2,24.614103
2024-11-14 07:43:10,DI-245,2,3,25.28573199999994
2024-11-14 07:43:27,DI-245,1,0,24.805996999999934
2024-11-14 07:43:27,DI-245,1,1,24.901943999999958
2024-11-14 07:43:27,DI-245,1,2,24.901943999999958
2024-11-14 07:43:27,DI-245,1,3,25.57357300000001
2024-11-14 07:43:47,DI-1100,0,0,9.474635256553753e-08
2024-11-14 07:44:11,DI-245,2,0,25.093838000000005
2024-11-14 07:44:11,DI-245,2,1,24.614103
2024-11-14 07:44:11,DI-245,2,2,24.614103
2024-11-14 07:44:11,DI-245,2,3,25.381678999999963
2024-11-14 07:44:27,DI-245,1,0,24.805996999999934
2024-11-14 07:44:27,DI-245,1,1,24.901943999999958
2024-11-14 07:44:27,DI-245,1,2,24.901943999999958
2024-11-14 07:44:27,DI-245,1,3,25.57357300000001
2024-11-14 07:44:47,DI-1100,0,0,9.460442671915764e-08
2024-11-14 07:45:11,DI-245,2,0,25.093838000000005
2024-11-14 07:45:11,DI-245,2,1,24.614103
2024-11-14 07:45:11,DI-245,2,2,24.614103
2024-11-14 07:45:11,DI-245,2,3,25.28573199999994
2024-11-14 07:45:27,DI-245,1,0,24.805996999999934
2024-11-14 07:45:27,DI-245,1,1,24.901943999999958
2024-11-14 07:45:27,DI-245,1,2,24.901943999999958
2024-11-14 07:45:27,DI-245,1,3,25.57357300000001
2024-11-14 07:45:47,DI-1100,0,0,9.467536304759485e-08
2024-11-14 07:46:11,DI-245,2,0,25.093838000000005
2024-11-14 07:46:11,DI-245,2,1,24.614103
2024-11-14 07:46:11,DI-245,2,2,24.614103
2024-11-14 07:46:11,DI-245,2,3,25.28573199999994
2024-11-14 07:46:28,DI-245,1,0,24.805996999999934
2024-11-14 07:46:28,DI-245,1,1,24.805996999999934
2024-11-14 07:46:28,DI-245,1,2,24.901943999999958
2024-11-14 07:46:28,DI-245,1,3,25.57357300000001
2024-11-14 07:46:47,DI-1100,0,0,9.432121250386008e-08
2024-11-14 07:47:12,DI-245,2,0,25.093838000000005
2024-11-14 07:47:12,DI-245,2,1,24.614103
2024-11-14 07:47:12,DI-245,2,2,24.614103
2024-11-14 07:47:12,DI-245,2,3,25.28573199999994
2024-11-14 07:47:28,DI-245,1,0,24.805996999999934
2024-11-14 07:47:28,DI-245,1,1,24.805996999999934
2024-11-14 07:47:28,DI-245,1,2,24.901943999999958
2024-11-14 07:47:28,DI-245,1,3,25.57357300000001
2024-11-14 07:47:47,DI-1100,0,0,9.453354354037362e-08
2024-11-14 07:48:12,DI-245,2,0,25.093838000000005
2024-11-14 07:48:12,DI-245,2,1,24.518155999999976
2024-11-14 07:48:12,DI-245,2,2,24.614103
2024-11-14 07:48:12,DI-245,2,3,25.28573199999994
2024-11-14 07:48:28,DI-245,1,0,24.805996999999934
2024-11-14 07:48:28,DI-245,1,1,24.901943999999958
2024-11-14 07:48:28,DI-245,1,2,24.901943999999958
2024-11-14 07:48:28,DI-245,1,3,25.57357300000001
2024-11-14 07:48:47,DI-1100,0,0,9.425054152575792e-08
2024-11-14 07:49:12,DI-245,2,0,25.093838000000005
2024-11-14 07:49:12,DI-245,2,1,24.614103
2024-11-14 07:49:12,DI-245,2,2,24.614103
2024-11-14 07:49:12,DI-245,2,3,25.28573199999994
2024-11-14 07:49:28,DI-245,1,0,24.805996999999934
2024-11-14 07:49:28,DI-245,1,1,24.805996999999934
2024-11-14 07:49:28,DI-245,1,2,24.901943999999958
2024-11-14 07:49:28,DI-245,1,3,25.57357300000001
2024-11-14 07:49:47,DI-1100,0,0,9.442731834069254e-08
2024-11-14 07:50:12,DI-245,2,0,25.093838000000005
2024-11-14 07:50:12,DI-245,2,1,24.614103
2024-11-14 07:50:12,DI-245,2,2,24.614103
2024-11-14 07:50:12,DI-245,2,3,25.28573199999994
2024-11-14 07:50:29,DI-245,1,0,24.805996999999934
2024-11-14 07:50:29,DI-245,1,1,24.614103
2024-11-14 07:50:29,DI-245,1,2,24.901943999999958
2024-11-14 07:50:29,DI-245,1,3,25.57357300000001
2024-11-14 07:50:48,DI-1100,0,0,9.407409565363549e-08
2024-11-14 07:51:13,DI-245,2,0,25.093838000000005
2024-11-14 07:51:13,DI-245,2,1,24.518155999999976
2024-11-14 07:51:13,DI-245,2,2,24.614103
2024-11-14 07:51:13,DI-245,2,3,25.28573199999994
2024-11-14 07:51:29,DI-245,1,0,24.805996999999934
2024-11-14 07:51:29,DI-245,1,1,24.614103
2024-11-14 07:51:29,DI-245,1,2,24.901943999999958
2024-11-14 07:51:29,DI-245,1,3,25.57357300000001
2024-11-14 07:51:48,DI-1100,0,0,9.432121250386008e-08
2024-11-14 07:52:13,DI-245,2,0,25.28573199999994
2024-11-14 07:52:13,DI-245,2,1,24.614103
2024-11-14 07:52:13,DI-245,2,2,24.614103
2024-11-14 07:52:13,DI-245,2,3,25.28573199999994
2024-11-14 07:52:30,DI-245,1,0,24.805996999999934
2024-11-14 07:52:30,DI-245,1,1,24.805996999999934
2024-11-14 07:52:30,DI-245,1,2,24.901943999999958
2024-11-14 07:52:30,DI-245,1,3,25.57357300000001
2024-11-14 07:52:48,DI-1100,0,0,9.417992349849252e-08
2024-11-14 07:53:13,DI-245,2,0,25.093838000000005
2024-11-14 07:53:13,DI-245,2,1,24.614103
2024-11-14 07:53:13,DI-245,2,2,24.518155999999976
2024-11-14 07:53:13,DI-245,2,3,25.28573199999994
2024-11-14 07:53:30,DI-245,1,0,24.805996999999934
2024-11-14 07:53:30,DI-245,1,1,24.805996999999934
2024-11-14 07:53:30,DI-245,1,2,24.901943999999958
2024-11-14 07:53:30,DI-245,1,3,25.57357300000001
2024-11-14 07:53:48,DI-1100,0,0,9.439193647250283e-08
2024-11-14 07:54:13,DI-245,2,0,25.093838000000005
2024-11-14 07:54:13,DI-245,2,1,24.614103
2024-11-14 07:54:13,DI-245,2,2,24.614103
2024-11-14 07:54:13,DI-245,2,3,25.28573199999994
2024-11-14 07:54:30,DI-245,1,0,24.805996999999934
2024-11-14 07:54:30,DI-245,1,1,24.614103
2024-11-14 07:54:30,DI-245,1,2,24.805996999999934
2024-11-14 07:54:30,DI-245,1,3,25.57357300000001
2024-11-14 07:54:48,DI-1100,0,0,9.442731834069254e-08
2024-11-14 07:55:13,DI-245,2,0,25.093838000000005
2024-11-14 07:55:13,DI-245,2,1,24.614103
2024-11-14 07:55:13,DI-245,2,2,24.805996999999934
2024-11-14 07:55:13,DI-245,2,3,25.28573199999994
2024-11-14 07:55:30,DI-245,1,0,24.805996999999934
2024-11-14 07:55:30,DI-245,1,1,24.805996999999934
2024-11-14 07:55:30,DI-245,1,2,24.901943999999958
2024-11-14 07:55:30,DI-245,1,3,25.57357300000001
2024-11-14 07:55:48,DI-1100,0,0,9.463988823717953e-08
2024-11-14 07:56:14,DI-245,2,0,25.093838000000005
2024-11-14 07:56:14,DI-245,2,1,24.614103
2024-11-14 07:56:14,DI-245,2,2,24.614103
2024-11-14 07:56:14,DI-245,2,3,25.28573199999994
2024-11-14 07:56:30,DI-245,1,0,24.805996999999934
2024-11-14 07:56:30,DI-245,1,1,24.614103
2024-11-14 07:56:30,DI-245,1,2,24.901943999999958
2024-11-14 07:56:30,DI-245,1,3,25.57357300000001
2024-11-14 07:56:48,DI-1100,0,0,9.446271347141974e-08
2024-11-14 07:57:14,DI-245,2,0,24.901943999999958
2024-11-14 07:57:14,DI-245,2,1,24.614103
2024-11-14 07:57:14,DI-245,2,2,24.614103
2024-11-14 07:57:14,DI-245,2,3,25.28573199999994
2024-11-14 07:57:31,DI-245,1,0,24.805996999999934
2024-11-14 07:57:31,DI-245,1,1,24.805996999999934
2024-11-14 07:57:31,DI-245,1,2,24.901943999999958
2024-11-14 07:57:31,DI-245,1,3,25.57357300000001
2024-11-14 07:57:48,DI-1100,0,0,9.421522589575092e-08
2024-11-14 07:58:14,DI-245,2,0,24.901943999999958
2024-11-14 07:58:14,DI-245,2,1,24.614103
2024-11-14 07:58:14,DI-245,2,2,24.805996999999934
2024-11-14 07:58:14,DI-245,2,3,25.28573199999994
2024-11-14 07:58:31,DI-245,1,0,24.805996999999934
2024-11-14 07:58:31,DI-245,1,1,24.805996999999934
2024-11-14 07:58:31,DI-245,1,2,24.901943999999958
2024-11-14 07:58:31,DI-245,1,3,25.381678999999963
2024-11-14 07:58:48,DI-1100,0,0,9.471085115538593e-08
2024-11-14 07:59:14,DI-245,2,0,24.901943999999958
2024-11-14 07:59:14,DI-245,2,1,24.614103
2024-11-14 07:59:14,DI-245,2,2,24.518155999999976
2024-11-14 07:59:14,DI-245,2,3,25.28573199999994
2024-11-14 07:59:31,DI-245,1,0,24.805996999999934
2024-11-14 07:59:31,DI-245,1,1,24.805996999999934
2024-11-14 07:59:31,DI-245,1,2,24.901943999999958
2024-11-14 07:59:31,DI-245,1,3,25.57357300000001
2024-11-14 07:59:48,DI-1100,0,0,9.442731834069254e-08
2024-11-14 08:00:15,DI-245,2,0,24.901943999999958
2024-11-14 08:00:15,DI-245,2,1,24.614103
2024-11-14 08:00:15,DI-245,2,2,24.614103
2024-11-14 08:00:15,DI-245,2,3,25.28573199999994
2024-11-14 08:00:31,DI-245,1,0,24.805996999999934
2024-11-14 08:00:31,DI-245,1,1,24.805996999999934
2024-11-14 08:00:31,DI-245,1,2,24.805996999999934
2024-11-14 08:00:31,DI-245,1,3,25.381678999999963
2024-11-14 08:00:48,DI-1100,0,0,9.442731834069254e-08
2024-11-14 08:01:15,DI-245,2,0,24.901943999999958
2024-11-14 08:01:15,DI-245,2,1,24.614103
2024-11-14 08:01:15,DI-245,2,2,24.518155999999976
2024-11-14 08:01:15,DI-245,2,3,25.28573199999994
2024-11-14 08:01:31,DI-245,1,0,24.805996999999934
2024-11-14 08:01:31,DI-245,1,1,24.614103
2024-11-14 08:01:31,DI-245,1,2,24.805996999999934
2024-11-14 08:01:31,DI-245,1,3,25.381678999999963
2024-11-14 08:01:49,DI-1100,0,0,9.407409565363549e-08
2024-11-14 08:02:15,DI-245,2,0,24.901943999999958
2024-11-14 08:02:15,DI-245,2,1,24.614103
2024-11-14 08:02:15,DI-245,2,2,24.518155999999976
2024-11-14 08:02:15,DI-245,2,3,25.28573199999994
2024-11-14 08:02:32,DI-245,1,0,24.805996999999934
2024-11-14 08:02:32,DI-245,1,1,24.614103
2024-11-14 08:02:32,DI-245,1,2,24.805996999999934
2024-11-14 08:02:32,DI-245,1,3,25.381678999999963
2024-11-14 08:02:49,DI-1100,0,0,9.446271347141974e-08
2024-11-14 08:03:16,DI-245,2,0,24.901943999999958
2024-11-14 08:03:16,DI-245,2,1,24.614103
2024-11-14 08:03:16,DI-245,2,2,24.518155999999976
2024-11-14 08:03:16,DI-245,2,3,25.28573199999994
2024-11-14 08:03:32,DI-245,1,0,24.805996999999934
2024-11-14 08:03:32,DI-245,1,1,24.805996999999934
2024-11-14 08:03:32,DI-245,1,2,24.805996999999934
2024-11-14 08:03:32,DI-245,1,3,25.381678999999963
2024-11-14 08:03:49,DI-1100,0,0,9.460442671915764e-08
2024-11-14 08:04:16,DI-245,2,0,24.901943999999958
2024-11-14 08:04:16,DI-245,2,1,24.614103
2024-11-14 08:04:16,DI-245,2,2,24.518155999999976
2024-11-14 08:04:16,DI-245,2,3,25.28573199999994
2024-11-14 08:04:33,DI-245,1,0,24.805996999999934
2024-11-14 08:04:33,DI-245,1,1,24.614103
2024-11-14 08:04:33,DI-245,1,2,24.901943999999958
2024-11-14 08:04:33,DI-245,1,3,25.57357300000001
2024-11-14 08:04:49,DI-1100,0,0,9.453354354037362e-08
2024-11-14 08:05:16,DI-245,2,0,24.901943999999958
2024-11-14 08:05:16,DI-245,2,1,24.614103
2024-11-14 08:05:16,DI-245,2,2,24.518155999999976
2024-11-14 08:05:16,DI-245,2,3,25.28573199999994
2024-11-14 08:05:33,DI-245,1,0,24.614103
2024-11-14 08:05:33,DI-245,1,1,24.805996999999934
2024-11-14 08:05:33,DI-245,1,2,24.901943999999958
2024-11-14 08:05:33,DI-245,1,3,25.57357300000001
2024-11-14 08:05:49,DI-1100,0,0,9.460442671915764e-08
2024-11-14 08:06:16,DI-245,2,0,24.901943999999958
2024-11-14 08:06:16,DI-245,2,1,24.614103
2024-11-14 08:06:16,DI-245,2,2,24.518155999999976
2024-11-14 08:06:16,DI-245,2,3,25.28573199999994
2024-11-14 08:06:33,DI-245,1,0,24.614103
2024-11-14 08:06:33,DI-245,1,1,24.614103
2024-11-14 08:06:33,DI-245,1,2,24.901943999999958
2024-11-14 08:06:33,DI-245,1,3,25.57357300000001
2024-11-14 08:06:49,DI-1100,0,0,9.442731834069254e-08
2024-11-14 08:07:17,DI-245,2,0,24.901943999999958
2024-11-14 08:07:17,DI-245,2,1,24.614103
2024-11-14 08:07:17,DI-245,2,2,24.518155999999976
2024-11-14 08:07:17,DI-245,2,3,25.28573199999994
2024-11-14 08:07:33,DI-245,1,0,24.805996999999934
2024-11-14 08:07:33,DI-245,1,1,24.614103
2024-11-14 08:07:33,DI-245,1,2,24.805996999999934
2024-11-14 08:07:33,DI-245,1,3,25.381678999999963
2024-11-14 08:07:49,DI-1100,0,0,9.442731834069254e-08
2024-11-14 08:08:17,DI-245,2,0,24.901943999999958
2024-11-14 08:08:17,DI-245,2,1,24.518155999999976
2024-11-14 08:08:17,DI-245,2,2,24.518155999999976
2024-11-14 08:08:17,DI-245,2,3,25.28573199999994
2024-11-14 08:08:34,DI-245,1,0,24.805996999999934
2024-11-14 08:08:34,DI-245,1,1,24.614103
2024-11-14 08:08:34,DI-245,1,2,24.805996999999934
2024-11-14 08:08:34,DI-245,1,3,25.381678999999963
2024-11-14 08:08:49,DI-1100,0,0,9.400360982995456e-08
2024-11-14 08:09:17,DI-245,2,0,24.901943999999958
2024-11-14 08:09:17,DI-245,2,1,24.518155999999976
2024-11-14 08:09:17,DI-245,2,2,24.518155999999976
2024-11-14 08:09:17,DI-245,2,3,25.28573199999994
2024-11-14 08:09:34,DI-245,1,0,24.805996999999934
2024-11-14 08:09:34,DI-245,1,1,24.614103
2024-11-14 08:09:34,DI-245,1,2,24.901943999999958
2024-11-14 08:09:34,DI-245,1,3,25.57357300000001
2024-11-14 08:09:49,DI-1100,0,0,9.42858703934735e-08
2024-11-14 08:10:18,DI-245,2,0,24.901943999999958
2024-11-14 08:10:18,DI-245,2,1,24.614103
2024-11-14 08:10:18,DI-245,2,2,24.518155999999976
2024-11-14 08:10:18,DI-245,2,3,25.28573199999994
2024-11-14 08:10:34,DI-245,1,0,24.614103
2024-11-14 08:10:34,DI-245,1,1,24.614103
2024-11-14 08:10:34,DI-245,1,2,24.614103
2024-11-14 08:10:34,DI-245,1,3,25.28573199999994
2024-11-14 08:10:49,DI-1100,0,0,9.449812186965558e-08
2024-11-14 08:11:18,DI-245,2,0,24.901943999999958
2024-11-14 08:11:18,DI-245,2,1,24.518155999999976
2024-11-14 08:11:18,DI-245,2,2,24.518155999999976
2024-11-14 08:11:18,DI-245,2,3,25.28573199999994
2024-11-14 08:11:35,DI-245,1,0,24.614103
2024-11-14 08:11:35,DI-245,1,1,24.614103
2024-11-14 08:11:35,DI-245,1,2,24.614103
2024-11-14 08:11:35,DI-245,1,3,25.093838000000005
2024-11-14 08:11:49,DI-1100,0,0,9.435656786188134e-08
2024-11-14 08:12:18,DI-245,2,0,24.901943999999958
2024-11-14 08:12:18,DI-245,2,1,24.518155999999976
2024-11-14 08:12:18,DI-245,2,2,24.518155999999976
2024-11-14 08:12:18,DI-245,2,3,25.093838000000005
2024-11-14 08:12:35,DI-245,1,0,24.614103
2024-11-14 08:12:35,DI-245,1,1,24.518155999999976
2024-11-14 08:12:35,DI-245,1,2,24.614103
2024-11-14 08:12:35,DI-245,1,3,25.28573199999994
2024-11-14 08:12:50,DI-1100,0,0,9.463988823717953e-08
2024-11-14 08:13:19,DI-245,2,0,24.901943999999958
2024-11-14 08:13:19,DI-245,2,1,24.518155999999976
2024-11-14 08:13:19,DI-245,2,2,24.518155999999976
2024-11-14 08:13:19,DI-245,2,3,24.901943999999958
2024-11-14 08:13:35,DI-245,1,0,24.614103
2024-11-14 08:13:35,DI-245,1,1,24.614103
2024-11-14 08:13:35,DI-245,1,2,24.614103
2024-11-14 08:13:35,DI-245,1,3,25.093838000000005
2024-11-14 08:13:50,DI-1100,0,0,9.467536304759485e-08
2024-11-14 08:14:19,DI-245,2,0,25.093838000000005
2024-11-14 08:14:19,DI-245,2,1,24.518155999999976
2024-11-14 08:14:19,DI-245,2,2,24.614103
2024-11-14 08:14:19,DI-245,2,3,24.901943999999958
2024-11-14 08:14:35,DI-245,1,0,24.518155999999976
2024-11-14 08:14:35,DI-245,1,1,24.614103
2024-11-14 08:14:35,DI-245,1,2,24.614103
2024-11-14 08:14:35,DI-245,1,3,25.093838000000005
2024-11-14 08:14:50,DI-1100,0,0,9.449812186965558e-08
2024-11-14 08:15:19,DI-245,2,0,24.901943999999958
2024-11-14 08:15:19,DI-245,2,1,24.518155999999976
2024-11-14 08:15:19,DI-245,2,2,24.614103
2024-11-14 08:15:19,DI-245,2,3,24.901943999999958
2024-11-14 08:15:36,DI-245,1,0,24.518155999999976
2024-11-14 08:15:36,DI-245,1,1,24.614103
2024-11-14 08:15:36,DI-245,1,2,24.518155999999976
2024-11-14 08:15:36,DI-245,1,3,25.093838000000005
2024-11-14 08:15:50,DI-1100,0,0,9.524477185120295e-08
2024-11-14 08:16:19,DI-245,2,0,25.093838000000005
2024-11-14 08:16:19,DI-245,2,1,24.518155999999976
2024-11-14 08:16:19,DI-245,2,2,24.614103
2024-11-14 08:16:19,DI-245,2,3,25.093838000000005
2024-11-14 08:16:36,DI-245,1,0,24.518155999999976
2024-11-14 08:16:36,DI-245,1,1,24.614103
2024-11-14 08:16:36,DI-245,1,2,24.805996999999934
2024-11-14 08:16:36,DI-245,1,3,25.28573199999994
2024-11-14 08:16:50,DI-1100,0,0,9.460442671915764e-08
2024-11-14 08:17:20,DI-245,2,0,25.093838000000005
2024-11-14 08:17:20,DI-245,2,1,24.518155999999976
2024-11-14 08:17:20,DI-245,2,2,24.518155999999976
2024-11-14 08:17:20,DI-245,2,3,24.901943999999958
2024-11-14 08:17:36,DI-245,1,0,24.518155999999976
2024-11-14 08:17:36,DI-245,1,1,24.614103
2024-11-14 08:17:36,DI-245,1,2,24.614103
2024-11-14 08:17:36,DI-245,1,3,24.901943999999958
2024-11-14 08:17:50,DI-1100,0,0,9.439193647250283e-08
2024-11-14 08:18:20,DI-245,2,0,25.28573199999994
2024-11-14 08:18:20,DI-245,2,1,24.614103
2024-11-14 08:18:20,DI-245,2,2,24.518155999999976
2024-11-14 08:18:20,DI-245,2,3,25.093838000000005
2024-11-14 08:18:36,DI-245,1,0,24.518155999999976
2024-11-14 08:18:36,DI-245,1,1,24.518155999999976
2024-11-14 08:18:36,DI-245,1,2,24.518155999999976
2024-11-14 08:18:36,DI-245,1,3,24.805996999999934
2024-11-14 08:18:50,DI-1100,0,0,9.449812186965558e-08
2024-11-14 08:19:20,DI-245,2,0,25.28573199999994
2024-11-14 08:19:20,DI-245,2,1,24.805996999999934
2024-11-14 08:19:20,DI-245,2,2,24.518155999999976
2024-11-14 08:19:20,DI-245,2,3,25.093838000000005
2024-11-14 08:19:37,DI-245,1,0,24.614103
2024-11-14 08:19:37,DI-245,1,1,24.518155999999976
2024-11-14 08:19:37,DI-245,1,2,24.614103
2024-11-14 08:19:37,DI-245,1,3,24.901943999999958
2024-11-14 08:19:50,DI-1100,0,0,9.531618832347882e-08
2024-11-14 08:20:20,DI-245,2,0,25.28573199999994
2024-11-14 08:20:20,DI-245,2,1,24.518155999999976
2024-11-14 08:20:20,DI-245,2,2,24.518155999999976
2024-11-14 08:20:20,DI-245,2,3,24.901943999999958
2024-11-14 08:20:37,DI-245,1,0,24.614103
2024-11-14 08:20:37,DI-245,1,1,24.518155999999976
2024-11-14 08:20:37,DI-245,1,2,24.614103
2024-11-14 08:20:37,DI-245,1,3,24.901943999999958
2024-11-14 08:20:50,DI-1100,0,0,9.478186728303574e-08
2024-11-14 08:21:20,DI-245,2,0,25.28573199999994
2024-11-14 08:21:20,DI-245,2,1,24.614103
2024-11-14 08:21:20,DI-245,2,2,24.518155999999976
2024-11-14 08:21:20,DI-245,2,3,24.901943999999958
2024-11-14 08:21:37,DI-245,1,0,24.32626199999993
2024-11-14 08:21:37,DI-245,1,1,24.518155999999976
2024-11-14 08:21:37,DI-245,1,2,24.518155999999976
2024-11-14 08:21:37,DI-245,1,3,24.805996999999934
2024-11-14 08:21:50,DI-1100,0,0,9.481739531286848e-08
2024-11-14 08:22:20,DI-245,2,0,25.28573199999994
2024-11-14 08:22:20,DI-245,2,1,24.614103
2024-11-14 08:22:20,DI-245,2,2,24.32626199999993
2024-11-14 08:22:20,DI-245,2,3,24.901943999999958
2024-11-14 08:22:38,DI-245,1,0,24.518155999999976
2024-11-14 08:22:38,DI-245,1,1,24.518155999999976
2024-11-14 08:22:38,DI-245,1,2,24.614103
2024-11-14 08:22:38,DI-245,1,3,24.901943999999958
2024-11-14 08:22:50,DI-1100,0,0,9.42858703934735e-08
2024-11-14 08:23:21,DI-245,2,0,25.28573199999994
2024-11-14 08:23:21,DI-245,2,1,24.614103
2024-11-14 08:23:21,DI-245,2,2,24.32626199999993
2024-11-14 08:23:21,DI-245,2,3,24.901943999999958
2024-11-14 08:23:38,DI-245,1,0,24.614103
2024-11-14 08:23:38,DI-245,1,1,24.518155999999976
2024-11-14 08:23:38,DI-245,1,2,24.614103
2024-11-14 08:23:38,DI-245,1,3,25.093838000000005
2024-11-14 08:23:50,DI-1100,0,0,9.460442671915764e-08
2024-11-14 08:24:21,DI-245,2,0,25.093838000000005
2024-11-14 08:24:21,DI-245,2,1,24.614103
2024-11-14 08:24:21,DI-245,2,2,24.32626199999993
2024-11-14 08:24:21,DI-245,2,3,24.901943999999958
2024-11-14 08:24:38,DI-245,1,0,24.614103
2024-11-14 08:24:38,DI-245,1,1,24.614103
2024-11-14 08:24:38,DI-245,1,2,24.614103
2024-11-14 08:24:38,DI-245,1,3,25.093838000000005
2024-11-14 08:24:51,DI-1100,0,0,9.478186728303574e-08
2024-11-14 08:25:21,DI-245,2,0,25.093838000000005
2024-11-14 08:25:21,DI-245,2,1,24.614103
2024-11-14 08:25:21,DI-245,2,2,24.518155999999976
2024-11-14 08:25:21,DI-245,2,3,25.093838000000005
2024-11-14 08:25:38,DI-245,1,0,24.614103
2024-11-14 08:25:38,DI-245,1,1,24.614103
2024-11-14 08:25:38,DI-245,1,2,24.614103
2024-11-14 08:25:38,DI-245,1,3,25.093838000000005
2024-11-14 08:25:51,DI-1100,0,0,9.417992349849252e-08
2024-11-14 08:26:22,DI-245,2,0,25.093838000000005
2024-11-14 08:26:22,DI-245,2,1,24.614103
2024-11-14 08:26:22,DI-245,2,2,24.518155999999976
2024-11-14 08:26:22,DI-245,2,3,25.093838000000005
2024-11-14 08:26:39,DI-245,1,0,24.614103
2024-11-14 08:26:39,DI-245,1,1,24.518155999999976
2024-11-14 08:26:39,DI-245,1,2,24.614103
2024-11-14 08:26:39,DI-245,1,3,25.28573199999994
2024-11-14 08:26:51,DI-1100,0,0,9.421522589575092e-08
2024-11-14 08:27:22,DI-245,2,0,25.093838000000005
2024-11-14 08:27:22,DI-245,2,1,24.614103
2024-11-14 08:27:22,DI-245,2,2,24.518155999999976
2024-11-14 08:27:22,DI-245,2,3,24.901943999999958
2024-11-14 08:27:39,DI-245,1,0,24.614103
2024-11-14 08:27:39,DI-245,1,1,24.518155999999976
2024-11-14 08:27:39,DI-245,1,2,24.614103
2024-11-14 08:27:39,DI-245,1,3,25.28573199999994
2024-11-14 08:27:51,DI-1100,0,0,9.432121250386008e-08
2024-11-14 08:28:22,DI-245,2,0,25.093838000000005
2024-11-14 08:28:22,DI-245,2,1,24.518155999999976
2024-11-14 08:28:22,DI-245,2,2,24.518155999999976
2024-11-14 08:28:22,DI-245,2,3,24.901943999999958
2024-11-14 08:28:40,DI-245,1,0,24.614103
2024-11-14 08:28:40,DI-245,1,1,24.518155999999976
2024-11-14 08:28:40,DI-245,1,2,24.614103
2024-11-14 08:28:40,DI-245,1,3,25.28573199999994
2024-11-14 08:28:51,DI-1100,0,0,9.449812186965558e-08
2024-11-14 08:29:22,DI-245,2,0,25.093838000000005
2024-11-14 08:29:22,DI-245,2,1,24.518155999999976
2024-11-14 08:29:22,DI-245,2,2,24.518155999999976
2024-11-14 08:29:22,DI-245,2,3,24.901943999999958
2024-11-14 08:29:40,DI-245,1,0,24.614103
2024-11-14 08:29:40,DI-245,1,1,24.518155999999976
2024-11-14 08:29:40,DI-245,1,2,24.614103
2024-11-14 08:29:40,DI-245,1,3,25.093838000000005
2024-11-14 08:29:51,DI-1100,0,0,9.478186728303574e-08
2024-11-14 08:30:22,DI-245,2,0,25.093838000000005
2024-11-14 08:30:22,DI-245,2,1,24.518155999999976
2024-11-14 08:30:22,DI-245,2,2,24.518155999999976
2024-11-14 08:30:22,DI-245,2,3,25.093838000000005
2024-11-14 08:30:40,DI-245,1,0,24.614103
2024-11-14 08:30:40,DI-245,1,1,24.614103
2024-11-14 08:30:40,DI-245,1,2,24.614103
2024-11-14 08:30:40,DI-245,1,3,25.093838000000005
2024-11-14 08:30:51,DI-1100,0,0,9.435656786188134e-08
2024-11-14 08:31:23,DI-245,2,0,24.901943999999958
2024-11-14 08:31:23,DI-245,2,1,24.518155999999976
2024-11-14 08:31:23,DI-245,2,2,24.518155999999976
2024-11-14 08:31:23,DI-245,2,3,24.901943999999958
2024-11-14 08:31:41,DI-245,1,0,24.614103
2024-11-14 08:31:41,DI-245,1,1,24.614103
2024-11-14 08:31:41,DI-245,1,2,24.614103
2024-11-14 08:31:41,DI-245,1,3,25.093838000000005
2024-11-14 08:31:51,DI-1100,0,0,9.453354354037362e-08
2024-11-14 08:32:23,DI-245,2,0,25.093838000000005
2024-11-14 08:32:23,DI-245,2,1,24.518155999999976
2024-11-14 08:32:23,DI-245,2,2,24.518155999999976
2024-11-14 08:32:23,DI-245,2,3,25.093838000000005
2024-11-14 08:32:41,DI-245,1,0,24.614103
2024-11-14 08:32:41,DI-245,1,1,24.518155999999976
2024-11-14 08:32:41,DI-245,1,2,24.805996999999934
2024-11-14 08:32:41,DI-245,1,3,25.28573199999994
2024-11-14 08:32:51,DI-1100,0,0,9.467536304759485e-08
2024-11-14 08:33:23,DI-245,2,0,25.093838000000005
2024-11-14 08:33:23,DI-245,2,1,24.518155999999976
2024-11-14 08:33:23,DI-245,2,2,24.614103
2024-11-14 08:33:23,DI-245,2,3,25.093838000000005
2024-11-14 08:33:41,DI-245,1,0,24.614103
2024-11-14 08:33:41,DI-245,1,1,24.614103
2024-11-14 08:33:41,DI-245,1,2,24.614103
2024-11-14 08:33:41,DI-245,1,3,25.28573199999994
2024-11-14 08:33:51,DI-1100,0,0,9.474635256553753e-08
2024-11-14 08:34:23,DI-245,2,0,24.901943999999958
2024-11-14 08:34:23,DI-245,2,1,24.518155999999976
2024-11-14 08:34:23,DI-245,2,2,24.518155999999976
2024-11-14 08:34:24,DI-245,2,3,25.093838000000005
2024-11-14 08:34:41,DI-245,1,0,24.518155999999976
2024-11-14 08:34:41,DI-245,1,1,24.518155999999976
2024-11-14 08:34:41,DI-245,1,2,24.805996999999934
2024-11-14 08:34:41,DI-245,1,3,25.28573199999994
2024-11-14 08:34:51,DI-1100,0,0,9.460442671915764e-08
2024-11-14 08:35:23,DI-245,2,0,24.901943999999958
2024-11-14 08:35:23,DI-245,2,1,24.518155999999976
2024-11-14 08:35:23,DI-245,2,2,24.518155999999976
2024-11-14 08:35:23,DI-245,2,3,24.901943999999958
2024-11-14 08:35:41,DI-245,1,0,24.518155999999976
2024-11-14 08:35:41,DI-245,1,1,24.32626199999993
2024-11-14 08:35:41,DI-245,1,2,24.805996999999934
2024-11-14 08:35:41,DI-245,1,3,25.28573199999994
2024-11-14 08:35:51,DI-1100,0,0,9.467536304759485e-08
2024-11-14 08:36:24,DI-245,2,0,24.901943999999958
2024-11-14 08:36:24,DI-245,2,1,24.518155999999976
2024-11-14 08:36:24,DI-245,2,2,24.518155999999976
2024-11-14 08:36:24,DI-245,2,3,24.901943999999958
2024-11-14 08:36:42,DI-245,1,0,24.518155999999976
2024-11-14 08:36:42,DI-245,1,1,24.32626199999993
2024-11-14 08:36:42,DI-245,1,2,24.805996999999934
2024-11-14 08:36:42,DI-245,1,3,25.28573199999994
2024-11-14 08:36:52,DI-1100,0,0,9.442731834069254e-08
2024-11-14 08:37:24,DI-245,2,0,24.901943999999958
2024-11-14 08:37:24,DI-245,2,1,24.32626199999993
2024-11-14 08:37:24,DI-245,2,2,24.32626199999993
2024-11-14 08:37:24,DI-245,2,3,25.093838000000005
2024-11-14 08:37:42,DI-245,1,0,24.614103
2024-11-14 08:37:42,DI-245,1,1,24.518155999999976
2024-11-14 08:37:42,DI-245,1,2,24.614103
2024-11-14 08:37:42,DI-245,1,3,25.28573199999994
2024-11-14 08:37:52,DI-1100,0,0,9.446271347141974e-08
2024-11-14 08:38:24,DI-245,2,0,24.901943999999958
2024-11-14 08:38:24,DI-245,2,1,24.518155999999976
2024-11-14 08:38:24,DI-245,2,2,24.518155999999976
2024-11-14 08:38:24,DI-245,2,3,25.093838000000005
2024-11-14 08:38:43,DI-245,1,0,24.614103
2024-11-14 08:38:43,DI-245,1,1,24.614103
2024-11-14 08:38:43,DI-245,1,2,24.805996999999934
2024-11-14 08:38:43,DI-245,1,3,25.28573199999994
2024-11-14 08:38:52,DI-1100,0,0,9.460442671915764e-08
2024-11-14 08:39:24,DI-245,2,0,24.901943999999958
2024-11-14 08:39:24,DI-245,2,1,24.32626199999993
2024-11-14 08:39:24,DI-245,2,2,24.518155999999976
2024-11-14 08:39:24,DI-245,2,3,25.093838000000005
2024-11-14 08:39:43,DI-245,1,0,24.518155999999976
2024-11-14 08:39:43,DI-245,1,1,24.32626199999993
2024-11-14 08:39:43,DI-245,1,2,24.805996999999934
2024-11-14 08:39:43,DI-245,1,3,25.28573199999994
2024-11-14 08:39:52,DI-1100,0,0,9.460442671915764e-08
2024-11-14 08:40:25,DI-245,2,0,24.901943999999958
2024-11-14 08:40:25,DI-245,2,1,24.32626199999993
2024-11-14 08:40:25,DI-245,2,2,24.518155999999976
2024-11-14 08:40:25,DI-245,2,3,25.093838000000005
2024-11-14 08:40:43,DI-245,1,0,24.518155999999976
2024-11-14 08:40:43,DI-245,1,1,24.518155999999976
2024-11-14 08:40:43,DI-245,1,2,24.614103
2024-11-14 08:40:43,DI-245,1,3,25.28573199999994
2024-11-14 08:40:52,DI-1100,0,0,9.432121250386008e-08
2024-11-14 08:41:25,DI-245,2,0,24.901943999999958
2024-11-14 08:41:25,DI-245,2,1,24.32626199999993
2024-11-14 08:41:25,DI-245,2,2,24.518155999999976
2024-11-14 08:41:25,DI-245,2,3,25.093838000000005
2024-11-14 08:41:44,DI-245,1,0,24.518155999999976
2024-11-14 08:41:44,DI-245,1,1,24.614103
2024-11-14 08:41:44,DI-245,1,2,24.805996999999934
2024-11-14 08:41:44,DI-245,1,3,25.28573199999994
2024-11-14 08:41:52,DI-1100,0,0,9.499523532176905e-08
2024-11-14 08:42:26,DI-245,2,0,24.901943999999958
2024-11-14 08:42:26,DI-245,2,1,24.32626199999993
2024-11-14 08:42:26,DI-245,2,2,24.518155999999976
2024-11-14 08:42:26,DI-245,2,3,25.093838000000005
2024-11-14 08:42:44,DI-245,1,0,24.518155999999976
2024-11-14 08:42:44,DI-245,1,1,24.518155999999976
2024-11-14 08:42:44,DI-245,1,2,24.805996999999934
2024-11-14 08:42:44,DI-245,1,3,25.28573199999994
2024-11-14 08:42:52,DI-1100,0,0,9.495964065537518e-08
2024-11-14 08:43:26,DI-245,2,0,24.901943999999958
2024-11-14 08:43:26,DI-245,2,1,24.32626199999993
2024-11-14 08:43:26,DI-245,2,2,24.518155999999976
2024-11-14 08:43:26,DI-245,2,3,25.093838000000005
2024-11-14 08:43:44,DI-245,1,0,24.518155999999976
2024-11-14 08:43:44,DI-245,1,1,24.518155999999976
2024-11-14 08:43:44,DI-245,1,2,24.805996999999934
2024-11-14 08:43:44,DI-245,1,3,25.28573199999994
2024-11-14 08:43:52,DI-1100,0,0,9.460442671915764e-08
2024-11-14 08:44:26,DI-245,2,0,24.901943999999958
2024-11-14 08:44:26,DI-245,2,1,24.32626199999993
2024-11-14 08:44:26,DI-245,2,2,24.32626199999993
2024-11-14 08:44:27,DI-245,2,3,25.093838000000005
2024-11-14 08:44:44,DI-245,1,0,24.518155999999976
2024-11-14 08:44:44,DI-245,1,1,24.518155999999976
2024-11-14 08:44:44,DI-245,1,2,24.805996999999934
2024-11-14 08:44:44,DI-245,1,3,25.093838000000005
2024-11-14 08:44:53,DI-1100,0,0,9.467536304759485e-08
2024-11-14 08:45:27,DI-245,2,0,24.901943999999958
2024-11-14 08:45:27,DI-245,2,1,24.32626199999993
2024-11-14 08:45:27,DI-245,2,2,24.518155999999976
2024-11-14 08:45:27,DI-245,2,3,25.093838000000005
2024-11-14 08:45:44,DI-245,1,0,24.518155999999976
2024-11-14 08:45:44,DI-245,1,1,24.518155999999976
2024-11-14 08:45:44,DI-245,1,2,24.805996999999934
2024-11-14 08:45:44,DI-245,1,3,25.093838000000005
2024-11-14 08:45:53,DI-1100,0,0,9.456897848854873e-08
2024-11-14 08:46:27,DI-245,2,0,24.901943999999958
2024-11-14 08:46:27,DI-245,2,1,24.32626199999993
2024-11-14 08:46:27,DI-245,2,2,24.518155999999976
2024-11-14 08:46:27,DI-245,2,3,24.901943999999958
2024-11-14 08:46:45,DI-245,1,0,24.518155999999976
2024-11-14 08:46:45,DI-245,1,1,24.32626199999993
2024-11-14 08:46:45,DI-245,1,2,24.805996999999934
2024-11-14 08:46:45,DI-245,1,3,25.28573199999994
2024-11-14 08:46:53,DI-1100,0,0,9.456897848854873e-08
2024-11-14 08:47:27,DI-245,2,0,24.901943999999958
2024-11-14 08:47:27,DI-245,2,1,24.518155999999976
2024-11-14 08:47:27,DI-245,2,2,24.518155999999976
2024-11-14 08:47:27,DI-245,2,3,25.093838000000005
2024-11-14 08:47:45,DI-245,1,0,24.614103
2024-11-14 08:47:45,DI-245,1,1,24.614103
2024-11-14 08:47:45,DI-245,1,2,24.614103
2024-11-14 08:47:45,DI-245,1,3,25.28573199999994
2024-11-14 08:47:54,DI-1100,0,0,9.478186728303574e-08
2024-11-14 08:48:27,DI-245,2,0,24.901943999999958
2024-11-14 08:48:27,DI-245,2,1,24.32626199999993
2024-11-14 08:48:27,DI-245,2,2,24.518155999999976
2024-11-14 08:48:27,DI-245,2,3,25.093838000000005
2024-11-14 08:48:45,DI-245,1,0,24.518155999999976
2024-11-14 08:48:45,DI-245,1,1,24.32626199999993
2024-11-14 08:48:45,DI-245,1,2,24.614103
2024-11-14 08:48:45,DI-245,1,3,25.28573199999994
2024-11-14 08:48:54,DI-1100,0,0,9.460442671915764e-08
2024-11-14 08:49:28,DI-245,2,0,24.901943999999958
2024-11-14 08:49:28,DI-245,2,1,24.32626199999993
2024-11-14 08:49:28,DI-245,2,2,24.518155999999976
2024-11-14 08:49:28,DI-245,2,3,24.901943999999958
2024-11-14 08:49:45,DI-245,1,0,24.518155999999976
2024-11-14 08:49:45,DI-245,1,1,24.614103
2024-11-14 08:49:45,DI-245,1,2,24.614103
2024-11-14 08:49:45,DI-245,1,3,25.093838000000005
2024-11-14 08:49:54,DI-1100,0,0,9.414463432902464e-08
2024-11-14 08:50:28,DI-245,2,0,24.805996999999934
2024-11-14 08:50:28,DI-245,2,1,24.32626199999993
2024-11-14 08:50:28,DI-245,2,2,24.518155999999976
2024-11-14 08:50:28,DI-245,2,3,25.093838000000005
2024-11-14 08:50:46,DI-245,1,0,24.614103
2024-11-14 08:50:46,DI-245,1,1,24.518155999999976
2024-11-14 08:50:46,DI-245,1,2,24.805996999999934
2024-11-14 08:50:46,DI-245,1,3,25.093838000000005
2024-11-14 08:50:54,DI-1100,0,0,9.467536304759485e-08
2024-11-14 08:51:28,DI-245,2,0,24.901943999999958
2024-11-14 08:51:28,DI-245,2,1,24.32626199999993
2024-11-14 08:51:28,DI-245,2,2,24.518155999999976
2024-11-14 08:51:28,DI-245,2,3,24.901943999999958
2024-11-14 08:51:46,DI-245,1,0,24.518155999999976
2024-11-14 08:51:46,DI-245,1,1,24.518155999999976
2024-11-14 08:51:46,DI-245,1,2,24.805996999999934
2024-11-14 08:51:46,DI-245,1,3,25.093838000000005
2024-11-14 08:51:54,DI-1100,0,0,9.463988823717953e-08
2024-11-14 08:52:28,DI-245,2,0,24.805996999999934
2024-11-14 08:52:28,DI-245,2,1,24.32626199999993
2024-11-14 08:52:28,DI-245,2,2,24.518155999999976
2024-11-14 08:52:28,DI-245,2,3,25.093838000000005
2024-11-14 08:52:47,DI-245,1,0,24.518155999999976
2024-11-14 08:52:47,DI-245,1,1,24.518155999999976
2024-11-14 08:52:47,DI-245,1,2,24.614103
2024-11-14 08:52:47,DI-245,1,3,25.28573199999994
2024-11-14 08:52:54,DI-1100,0,0,9.439193647250283e-08
2024-11-14 08:53:28,DI-245,2,0,24.805996999999934
2024-11-14 08:53:28,DI-245,2,1,24.32626199999993
2024-11-14 08:53:28,DI-245,2,2,24.518155999999976
2024-11-14 08:53:29,DI-245,2,3,24.901943999999958
2024-11-14 08:53:47,DI-245,1,0,24.518155999999976
2024-11-14 08:53:47,DI-245,1,1,24.518155999999976
2024-11-14 08:53:47,DI-245,1,2,24.805996999999934
2024-11-14 08:53:47,DI-245,1,3,25.28573199999994
2024-11-14 08:53:54,DI-1100,0,0,9.463988823717953e-08
2024-11-14 08:54:29,DI-245,2,0,24.901943999999958
2024-11-14 08:54:29,DI-245,2,1,24.32626199999993
2024-11-14 08:54:29,DI-245,2,2,24.518155999999976
2024-11-14 08:54:29,DI-245,2,3,25.093838000000005
2024-11-14 08:54:47,DI-245,1,0,24.518155999999976
2024-11-14 08:54:47,DI-245,1,1,24.518155999999976
2024-11-14 08:54:47,DI-245,1,2,24.805996999999934
2024-11-14 08:54:47,DI-245,1,3,25.28573199999994
2024-11-14 08:54:54,DI-1100,0,0,9.453354354037362e-08
2024-11-14 08:55:29,DI-245,2,0,24.901943999999958
2024-11-14 08:55:29,DI-245,2,1,24.32626199999993
2024-11-14 08:55:29,DI-245,2,2,24.518155999999976
2024-11-14 08:55:29,DI-245,2,3,25.093838000000005
2024-11-14 08:55:47,DI-245,1,0,24.518155999999976
2024-11-14 08:55:47,DI-245,1,1,24.518155999999976
2024-11-14 08:55:47,DI-245,1,2,24.614103
2024-11-14 08:55:47,DI-245,1,3,25.28573199999994
2024-11-14 08:55:54,DI-1100,0,0,9.417992349849252e-08
2024-11-14 08:56:30,DI-245,2,0,24.805996999999934
2024-11-14 08:56:30,DI-245,2,1,24.32626199999993
2024-11-14 08:56:30,DI-245,2,2,24.518155999999976
2024-11-14 08:56:30,DI-245,2,3,24.805996999999934
2024-11-14 08:56:47,DI-245,1,0,24.518155999999976
2024-11-14 08:56:47,DI-245,1,1,24.518155999999976
2024-11-14 08:56:47,DI-245,1,2,24.805996999999934
2024-11-14 08:56:47,DI-245,1,3,25.28573199999994
2024-11-14 08:56:54,DI-1100,0,0,9.474635256553753e-08
2024-11-14 08:57:30,DI-245,2,0,24.805996999999934
2024-11-14 08:57:30,DI-245,2,1,24.32626199999993
2024-11-14 08:57:30,DI-245,2,2,24.518155999999976
2024-11-14 08:57:30,DI-245,2,3,24.805996999999934
2024-11-14 08:57:48,DI-245,1,0,24.518155999999976
2024-11-14 08:57:48,DI-245,1,1,24.518155999999976
2024-11-14 08:57:48,DI-245,1,2,24.518155999999976
2024-11-14 08:57:48,DI-245,1,3,25.093838000000005
2024-11-14 08:57:54,DI-1100,0,0,9.442731834069254e-08
2024-11-14 08:58:30,DI-245,2,0,24.805996999999934
2024-11-14 08:58:30,DI-245,2,1,24.32626199999993
2024-11-14 08:58:30,DI-245,2,2,24.518155999999976
2024-11-14 08:58:30,DI-245,2,3,24.901943999999958
2024-11-14 08:58:48,DI-245,1,0,24.518155999999976
2024-11-14 08:58:48,DI-245,1,1,24.518155999999976
2024-11-14 08:58:48,DI-245,1,2,24.805996999999934
2024-11-14 08:58:48,DI-245,1,3,25.093838000000005
2024-11-14 08:58:54,DI-1100,0,0,9.449812186965558e-08
2024-11-14 08:59:30,DI-245,2,0,24.805996999999934
2024-11-14 08:59:30,DI-245,2,1,24.32626199999993
2024-11-14 08:59:30,DI-245,2,2,24.32626199999993
2024-11-14 08:59:30,DI-245,2,3,24.901943999999958
2024-11-14 08:59:49,DI-245,1,0,24.518155999999976
2024-11-14 08:59:49,DI-245,1,1,24.518155999999976
2024-11-14 08:59:49,DI-245,1,2,24.614103
2024-11-14 08:59:49,DI-245,1,3,25.28573199999994
2024-11-14 08:59:54,DI-1100,0,0,9.463988823717953e-08
2024-11-14 09:00:31,DI-245,2,0,24.805996999999934
2024-11-14 09:00:31,DI-245,2,1,24.32626199999993
2024-11-14 09:00:31,DI-245,2,2,24.518155999999976
2024-11-14 09:00:31,DI-245,2,3,24.901943999999958
2024-11-14 09:00:49,DI-245,1,0,24.518155999999976
2024-11-14 09:00:49,DI-245,1,1,24.518155999999976
2024-11-14 09:00:49,DI-245,1,2,24.614103
2024-11-14 09:00:49,DI-245,1,3,25.28573199999994
2024-11-14 09:00:55,DI-1100,0,0,9.495964065537518e-08
2024-11-14 09:01:31,DI-245,2,0,24.805996999999934
2024-11-14 09:01:31,DI-245,2,1,24.23031500000002
2024-11-14 09:01:31,DI-245,2,2,24.32626199999993
2024-11-14 09:01:31,DI-245,2,3,24.901943999999958
2024-11-14 09:01:49,DI-245,1,0,24.518155999999976
2024-11-14 09:01:49,DI-245,1,1,24.32626199999993
2024-11-14 09:01:49,DI-245,1,2,24.518155999999976
2024-11-14 09:01:49,DI-245,1,3,25.093838000000005
2024-11-14 09:01:55,DI-1100,0,0,9.432121250386008e-08
2024-11-14 09:02:32,DI-245,2,0,24.614103
2024-11-14 09:02:32,DI-245,2,1,24.23031500000002
2024-11-14 09:02:32,DI-245,2,2,24.23031500000002
2024-11-14 09:02:32,DI-245,2,3,24.805996999999934
2024-11-14 09:02:49,DI-245,1,0,24.518155999999976
2024-11-14 09:02:49,DI-245,1,1,24.32626199999993
2024-11-14 09:02:49,DI-245,1,2,24.614103
2024-11-14 09:02:49,DI-245,1,3,25.093838000000005
2024-11-14 09:02:55,DI-1100,0,0,9.449812186965558e-08
2024-11-14 09:03:32,DI-245,2,0,24.805996999999934
2024-11-14 09:03:32,DI-245,2,1,24.32626199999993
2024-11-14 09:03:32,DI-245,2,2,24.518155999999976
2024-11-14 09:03:32,DI-245,2,3,24.901943999999958
2024-11-14 09:03:49,DI-245,1,0,24.518155999999976
2024-11-14 09:03:49,DI-245,1,1,24.32626199999993
2024-11-14 09:03:49,DI-245,1,2,24.805996999999934
2024-11-14 09:03:49,DI-245,1,3,25.093838000000005
2024-11-14 09:03:55,DI-1100,0,0,9.474635256553753e-08
2024-11-14 09:04:32,DI-245,2,0,24.614103
2024-11-14 09:04:32,DI-245,2,1,24.32626199999993
2024-11-14 09:04:32,DI-245,2,2,24.518155999999976
2024-11-14 09:04:32,DI-245,2,3,24.805996999999934
2024-11-14 09:04:50,DI-245,1,0,24.518155999999976
2024-11-14 09:04:50,DI-245,1,1,24.32626199999993
2024-11-14 09:04:50,DI-245,1,2,24.518155999999976
2024-11-14 09:04:50,DI-245,1,3,25.093838000000005
2024-11-14 09:04:55,DI-1100,0,0,9.453354354037362e-08
2024-11-14 09:05:32,DI-245,2,0,24.805996999999934
2024-11-14 09:05:32,DI-245,2,1,24.23031500000002
2024-11-14 09:05:32,DI-245,2,2,24.32626199999993
2024-11-14 09:05:32,DI-245,2,3,24.805996999999934
2024-11-14 09:05:50,DI-245,1,0,24.518155999999976
2024-11-14 09:05:50,DI-245,1,1,24.518155999999976
2024-11-14 09:05:50,DI-245,1,2,24.805996999999934
2024-11-14 09:05:50,DI-245,1,3,25.093838000000005
2024-11-14 09:05:55,DI-1100,0,0,9.456897848854873e-08
2024-11-14 09:06:33,DI-245,2,0,24.805996999999934
2024-11-14 09:06:33,DI-245,2,1,24.32626199999993
2024-11-14 09:06:33,DI-245,2,2,24.32626199999993
2024-11-14 09:06:33,DI-245,2,3,24.901943999999958
2024-11-14 09:06:50,DI-245,1,0,24.518155999999976
2024-11-14 09:06:50,DI-245,1,1,24.518155999999976
2024-11-14 09:06:50,DI-245,1,2,24.518155999999976
2024-11-14 09:06:50,DI-245,1,3,25.093838000000005
2024-11-14 09:06:55,DI-1100,0,0,9.463988823717953e-08
2024-11-14 09:07:33,DI-245,2,0,24.805996999999934
2024-11-14 09:07:33,DI-245,2,1,24.23031500000002
2024-11-14 09:07:33,DI-245,2,2,24.32626199999993
2024-11-14 09:07:33,DI-245,2,3,24.901943999999958
2024-11-14 09:07:51,DI-245,1,0,24.518155999999976
2024-11-14 09:07:51,DI-245,1,1,24.32626199999993
2024-11-14 09:07:51,DI-245,1,2,24.518155999999976
2024-11-14 09:07:51,DI-245,1,3,25.093838000000005
2024-11-14 09:07:55,DI-1100,0,0,9.449812186965558e-08
2024-11-14 09:08:33,DI-245,2,0,24.614103
2024-11-14 09:08:33,DI-245,2,1,24.32626199999993
2024-11-14 09:08:33,DI-245,2,2,24.32626199999993
2024-11-14 09:08:33,DI-245,2,3,24.805996999999934
2024-11-14 09:08:51,DI-245,1,0,24.518155999999976
2024-11-14 09:08:51,DI-245,1,1,24.32626199999993
2024-11-14 09:08:51,DI-245,1,2,24.518155999999976
2024-11-14 09:08:51,DI-245,1,3,24.901943999999958
2024-11-14 09:08:55,DI-1100,0,0,9.421522589575092e-08
2024-11-14 09:09:34,DI-245,2,0,24.805996999999934
2024-11-14 09:09:34,DI-245,2,1,24.23031500000002
2024-11-14 09:09:34,DI-245,2,2,24.23031500000002
2024-11-14 09:09:34,DI-245,2,3,24.805996999999934
2024-11-14 09:09:51,DI-245,1,0,24.518155999999976
2024-11-14 09:09:51,DI-245,1,1,24.32626199999993
2024-11-14 09:09:51,DI-245,1,2,24.32626199999993
2024-11-14 09:09:51,DI-245,1,3,24.901943999999958
2024-11-14 09:09:55,DI-1100,0,0,9.524477185120295e-08
2024-11-14 09:10:34,DI-245,2,0,24.805996999999934
2024-11-14 09:10:34,DI-245,2,1,24.32626199999993
2024-11-14 09:10:34,DI-245,2,2,24.32626199999993
2024-11-14 09:10:34,DI-245,2,3,24.805996999999934
2024-11-14 09:10:52,DI-245,1,0,24.518155999999976
2024-11-14 09:10:52,DI-245,1,1,24.518155999999976
2024-11-14 09:10:52,DI-245,1,2,24.518155999999976
2024-11-14 09:10:52,DI-245,1,3,24.805996999999934
2024-11-14 09:10:55,DI-1100,0,0,9.449812186965558e-08
2024-11-14 09:11:35,DI-245,2,0,24.805996999999934
2024-11-14 09:11:35,DI-245,2,1,24.32626199999993
2024-11-14 09:11:35,DI-245,2,2,24.32626199999993
2024-11-14 09:11:35,DI-245,2,3,24.805996999999934
2024-11-14 09:11:52,DI-245,1,0,24.518155999999976
2024-11-14 09:11:52,DI-245,1,1,24.518155999999976
2024-11-14 09:11:52,DI-245,1,2,24.32626199999993
2024-11-14 09:11:52,DI-245,1,3,24.805996999999934
2024-11-14 09:11:55,DI-1100,0,0,9.467536304759485e-08
2024-11-14 09:12:35,DI-245,2,0,24.901943999999958
2024-11-14 09:12:35,DI-245,2,1,24.32626199999993
2024-11-14 09:12:35,DI-245,2,2,24.32626199999993
2024-11-14 09:12:35,DI-245,2,3,24.805996999999934
2024-11-14 09:12:53,DI-245,1,0,24.518155999999976
2024-11-14 09:12:53,DI-245,1,1,24.32626199999993
2024-11-14 09:12:53,DI-245,1,2,24.32626199999993
2024-11-14 09:12:53,DI-245,1,3,24.614103
2024-11-14 09:12:56,DI-1100,0,0,9.456897848854873e-08
2024-11-14 09:13:35,DI-245,2,0,24.901943999999958
2024-11-14 09:13:35,DI-245,2,1,24.32626199999993
2024-11-14 09:13:35,DI-245,2,2,24.32626199999993
2024-11-14 09:13:35,DI-245,2,3,24.805996999999934
2024-11-14 09:13:53,DI-245,1,0,24.32626199999993
2024-11-14 09:13:53,DI-245,1,1,24.32626199999993
2024-11-14 09:13:53,DI-245,1,2,24.32626199999993
2024-11-14 09:13:53,DI-245,1,3,24.614103
2024-11-14 09:13:56,DI-1100,0,0,9.439193647250283e-08
2024-11-14 09:14:36,DI-245,2,0,24.901943999999958
2024-11-14 09:14:36,DI-245,2,1,24.32626199999993
2024-11-14 09:14:36,DI-245,2,2,24.23031500000002
2024-11-14 09:14:36,DI-245,2,3,24.805996999999934
2024-11-14 09:14:54,DI-245,1,0,24.32626199999993
2024-11-14 09:14:54,DI-245,1,1,24.32626199999993
2024-11-14 09:14:54,DI-245,1,2,24.32626199999993
2024-11-14 09:14:54,DI-245,1,3,24.614103
2024-11-14 09:14:56,DI-1100,0,0,9.439193647250283e-08
2024-11-14 09:15:36,DI-245,2,0,24.901943999999958
2024-11-14 09:15:36,DI-245,2,1,24.32626199999993
2024-11-14 09:15:36,DI-245,2,2,24.23031500000002
2024-11-14 09:15:36,DI-245,2,3,24.805996999999934
2024-11-14 09:15:54,DI-245,1,0,24.32626199999993
2024-11-14 09:15:54,DI-245,1,1,24.32626199999993
2024-11-14 09:15:54,DI-245,1,2,24.32626199999993
2024-11-14 09:15:54,DI-245,1,3,24.614103
2024-11-14 09:15:56,DI-1100,0,0,9.471085115538593e-08
2024-11-14 09:16:36,DI-245,2,0,24.901943999999958
2024-11-14 09:16:36,DI-245,2,1,24.518155999999976
2024-11-14 09:16:36,DI-245,2,2,24.23031500000002
2024-11-14 09:16:36,DI-245,2,3,24.805996999999934
2024-11-14 09:16:55,DI-245,1,0,24.32626199999993
2024-11-14 09:16:55,DI-245,1,1,24.32626199999993
2024-11-14 09:16:55,DI-245,1,2,24.32626199999993
2024-11-14 09:16:55,DI-245,1,3,24.614103
2024-11-14 09:16:56,DI-1100,0,0,9.538765834528182e-08
2024-11-14 09:17:37,DI-245,2,0,25.093838000000005
2024-11-14 09:17:37,DI-245,2,1,24.518155999999976
2024-11-14 09:17:37,DI-245,2,2,24.32626199999993
2024-11-14 09:17:37,DI-245,2,3,24.805996999999934
2024-11-14 09:17:55,DI-245,1,0,24.32626199999993
2024-11-14 09:17:55,DI-245,1,1,24.32626199999993
2024-11-14 09:17:55,DI-245,1,2,24.32626199999993
2024-11-14 09:17:55,DI-245,1,3,24.614103
2024-11-14 09:17:56,DI-1100,0,0,9.488849132950036e-08
2024-11-14 09:18:37,DI-245,2,0,24.901943999999958
2024-11-14 09:18:37,DI-245,2,1,24.518155999999976
2024-11-14 09:18:37,DI-245,2,2,24.23031500000002
2024-11-14 09:18:37,DI-245,2,3,24.805996999999934
2024-11-14 09:18:56,DI-245,1,0,24.32626199999993
2024-11-14 09:18:56,DI-245,1,1,24.32626199999993
2024-11-14 09:18:56,DI-245,1,2,24.32626199999993
2024-11-14 09:18:56,DI-245,1,3,24.614103
2024-11-14 09:18:56,DI-1100,0,0,9.439193647250283e-08
2024-11-14 09:19:37,DI-245,2,0,24.901943999999958
2024-11-14 09:19:37,DI-245,2,1,24.518155999999976
2024-11-14 09:19:37,DI-245,2,2,24.32626199999993
2024-11-14 09:19:37,DI-245,2,3,24.614103
2024-11-14 09:19:56,DI-245,1,0,24.32626199999993
2024-11-14 09:19:56,DI-245,1,1,24.32626199999993
2024-11-14 09:19:56,DI-245,1,2,24.518155999999976
2024-11-14 09:19:56,DI-245,1,3,24.614103
2024-11-14 09:19:56,DI-1100,0,0,9.478186728303574e-08
2024-11-14 09:20:38,DI-245,2,0,24.901943999999958
2024-11-14 09:20:38,DI-245,2,1,24.518155999999976
2024-11-14 09:20:38,DI-245,2,2,24.32626199999993
2024-11-14 09:20:38,DI-245,2,3,24.614103
2024-11-14 09:20:56,DI-245,1,0,24.32626199999993
2024-11-14 09:20:56,DI-245,1,1,24.518155999999976
2024-11-14 09:20:56,DI-245,1,2,24.32626199999993
2024-11-14 09:20:56,DI-245,1,3,24.614103
2024-11-14 09:20:56,DI-1100,0,0,9.463988823717953e-08
2024-11-14 09:21:38,DI-245,2,0,25.093838000000005
2024-11-14 09:21:38,DI-245,2,1,24.518155999999976
2024-11-14 09:21:38,DI-245,2,2,24.23031500000002
2024-11-14 09:21:38,DI-245,2,3,24.805996999999934
2024-11-14 09:21:56,DI-245,1,0,24.32626199999993
2024-11-14 09:21:56,DI-245,1,1,24.32626199999993
2024-11-14 09:21:56,DI-245,1,2,24.32626199999993
2024-11-14 09:21:56,DI-245,1,3,24.614103
2024-11-14 09:21:57,DI-1100,0,0,9.485293666002613e-08
2024-11-14 09:22:38,DI-245,2,0,24.901943999999958
2024-11-14 09:22:38,DI-245,2,1,24.518155999999976
2024-11-14 09:22:38,DI-245,2,2,24.32626199999993
2024-11-14 09:22:38,DI-245,2,3,24.805996999999934
2024-11-14 09:22:56,DI-245,1,0,24.32626199999993
2024-11-14 09:22:56,DI-245,1,1,24.32626199999993
2024-11-14 09:22:56,DI-245,1,2,24.32626199999993
2024-11-14 09:22:56,DI-245,1,3,24.614103
2024-11-14 09:22:57,DI-1100,0,0,9.439193647250283e-08
2024-11-14 09:23:38,DI-245,2,0,24.901943999999958
2024-11-14 09:23:38,DI-245,2,1,24.518155999999976
2024-11-14 09:23:38,DI-245,2,2,24.23031500000002
2024-11-14 09:23:38,DI-245,2,3,24.805996999999934
2024-11-14 09:23:57,DI-245,1,0,24.518155999999976
2024-11-14 09:23:57,DI-245,1,1,24.32626199999993
2024-11-14 09:23:57,DI-245,1,2,24.32626199999993
2024-11-14 09:23:57,DI-245,1,3,24.805996999999934
2024-11-14 09:23:57,DI-1100,0,0,9.495964065537518e-08
2024-11-14 09:24:38,DI-245,2,0,25.093838000000005
2024-11-14 09:24:38,DI-245,2,1,24.518155999999976
2024-11-14 09:24:38,DI-245,2,2,24.23031500000002
2024-11-14 09:24:38,DI-245,2,3,24.805996999999934
2024-11-14 09:24:57,DI-1100,0,0,9.474635256553753e-08
2024-11-14 09:24:57,DI-245,1,0,24.32626199999993
2024-11-14 09:24:57,DI-245,1,1,24.32626199999993
2024-11-14 09:24:57,DI-245,1,2,24.32626199999993
2024-11-14 09:24:57,DI-245,1,3,24.805996999999934
2024-11-14 09:25:38,DI-245,2,0,24.901943999999958
2024-11-14 09:25:38,DI-245,2,1,24.518155999999976
2024-11-14 09:25:38,DI-245,2,2,24.23031500000002
2024-11-14 09:25:38,DI-245,2,3,24.805996999999934
2024-11-14 09:25:57,DI-1100,0,0,9.495964065537518e-08
2024-11-14 09:25:58,DI-245,1,0,24.32626199999993
2024-11-14 09:25:58,DI-245,1,1,24.23031500000002
2024-11-14 09:25:58,DI-245,1,2,24.518155999999976
2024-11-14 09:25:58,DI-245,1,3,24.901943999999958
2024-11-14 09:26:39,DI-245,2,0,24.901943999999958
2024-11-14 09:26:39,DI-245,2,1,24.32626199999993
2024-11-14 09:26:39,DI-245,2,2,24.23031500000002
2024-11-14 09:26:39,DI-245,2,3,24.805996999999934
2024-11-14 09:26:57,DI-1100,0,0,9.456897848854873e-08
2024-11-14 09:26:58,DI-245,1,0,24.32626199999993
2024-11-14 09:26:58,DI-245,1,1,24.32626199999993
2024-11-14 09:26:58,DI-245,1,2,24.518155999999976
2024-11-14 09:26:58,DI-245,1,3,24.901943999999958
2024-11-14 09:27:39,DI-245,2,0,24.805996999999934
2024-11-14 09:27:39,DI-245,2,1,24.23031500000002
2024-11-14 09:27:39,DI-245,2,2,24.23031500000002
2024-11-14 09:27:39,DI-245,2,3,24.805996999999934
2024-11-14 09:27:57,DI-1100,0,0,9.460442671915764e-08
2024-11-14 09:27:58,DI-245,1,0,24.32626199999993
2024-11-14 09:27:58,DI-245,1,1,24.32626199999993
2024-11-14 09:27:58,DI-245,1,2,24.518155999999976
2024-11-14 09:27:58,DI-245,1,3,24.901943999999958
2024-11-14 09:28:39,DI-245,2,0,24.805996999999934
2024-11-14 09:28:39,DI-245,2,1,24.23031500000002
2024-11-14 09:28:39,DI-245,2,2,24.23031500000002
2024-11-14 09:28:39,DI-245,2,3,24.901943999999958
2024-11-14 09:28:57,DI-1100,0,0,9.478186728303574e-08
2024-11-14 09:28:58,DI-245,1,0,24.32626199999993
2024-11-14 09:28:58,DI-245,1,1,24.32626199999993
2024-11-14 09:28:58,DI-245,1,2,24.518155999999976
2024-11-14 09:28:58,DI-245,1,3,24.901943999999958
2024-11-14 09:29:40,DI-245,2,0,24.805996999999934
2024-11-14 09:29:40,DI-245,2,1,24.23031500000002
2024-11-14 09:29:40,DI-245,2,2,24.23031500000002
2024-11-14 09:29:40,DI-245,2,3,24.901943999999958
2024-11-14 09:29:57,DI-1100,0,0,9.488849132950036e-08
2024-11-14 09:29:58,DI-245,1,0,24.32626199999993
2024-11-14 09:29:58,DI-245,1,1,24.32626199999993
2024-11-14 09:29:58,DI-245,1,2,24.32626199999993
2024-11-14 09:29:58,DI-245,1,3,24.901943999999958
2024-11-14 09:30:40,DI-245,2,0,24.805996999999934
2024-11-14 09:30:40,DI-245,2,1,24.23031500000002
2024-11-14 09:30:40,DI-245,2,2,24.23031500000002
2024-11-14 09:30:40,DI-245,2,3,24.901943999999958
2024-11-14 09:30:57,DI-1100,0,0,9.474635256553753e-08
2024-11-14 09:30:59,DI-245,1,0,24.32626199999993
2024-11-14 09:30:59,DI-245,1,1,24.32626199999993
2024-11-14 09:30:59,DI-245,1,2,24.518155999999976
2024-11-14 09:30:59,DI-245,1,3,24.901943999999958
2024-11-14 09:31:40,DI-245,2,0,24.614103
2024-11-14 09:31:40,DI-245,2,1,24.23031500000002
2024-11-14 09:31:40,DI-245,2,2,24.23031500000002
2024-11-14 09:31:40,DI-245,2,3,24.901943999999958
2024-11-14 09:31:58,DI-1100,0,0,9.446271347141974e-08
2024-11-14 09:31:59,DI-245,1,0,24.32626199999993
2024-11-14 09:31:59,DI-245,1,1,24.32626199999993
2024-11-14 09:31:59,DI-245,1,2,24.32626199999993
2024-11-14 09:31:59,DI-245,1,3,24.901943999999958
2024-11-14 09:32:40,DI-245,2,0,24.805996999999934
2024-11-14 09:32:40,DI-245,2,1,24.32626199999993
2024-11-14 09:32:40,DI-245,2,2,24.23031500000002
2024-11-14 09:32:40,DI-245,2,3,24.805996999999934
2024-11-14 09:32:58,DI-1100,0,0,9.467536304759485e-08
2024-11-14 09:32:59,DI-245,1,0,24.32626199999993
2024-11-14 09:32:59,DI-245,1,1,24.32626199999993
2024-11-14 09:32:59,DI-245,1,2,24.32626199999993
2024-11-14 09:32:59,DI-245,1,3,24.901943999999958
2024-11-14 09:33:41,DI-245,2,0,24.901943999999958
2024-11-14 09:33:41,DI-245,2,1,24.32626199999993
2024-11-14 09:33:41,DI-245,2,2,24.23031500000002
2024-11-14 09:33:41,DI-245,2,3,24.805996999999934
2024-11-14 09:33:58,DI-1100,0,0,9.442731834069254e-08
2024-11-14 09:33:59,DI-245,1,0,24.32626199999993
2024-11-14 09:33:59,DI-245,1,1,24.32626199999993
2024-11-14 09:33:59,DI-245,1,2,24.518155999999976
2024-11-14 09:33:59,DI-245,1,3,24.901943999999958
2024-11-14 09:34:41,DI-245,2,0,24.805996999999934
2024-11-14 09:34:41,DI-245,2,1,24.23031500000002
2024-11-14 09:34:41,DI-245,2,2,24.23031500000002
2024-11-14 09:34:41,DI-245,2,3,24.805996999999934
2024-11-14 09:34:58,DI-1100,0,0,9.485293666002613e-08
2024-11-14 09:34:59,DI-245,1,0,24.32626199999993
2024-11-14 09:34:59,DI-245,1,1,24.32626199999993
2024-11-14 09:34:59,DI-245,1,2,24.518155999999976
2024-11-14 09:34:59,DI-245,1,3,25.093838000000005
2024-11-14 09:35:41,DI-245,2,0,24.805996999999934
2024-11-14 09:35:41,DI-245,2,1,24.32626199999993
2024-11-14 09:35:41,DI-245,2,2,24.32626199999993
2024-11-14 09:35:41,DI-245,2,3,24.805996999999934
2024-11-14 09:35:58,DI-1100,0,0,9.439193647250283e-08
2024-11-14 09:36:00,DI-245,1,0,24.32626199999993
2024-11-14 09:36:00,DI-245,1,1,24.32626199999993
2024-11-14 09:36:00,DI-245,1,2,24.32626199999993
2024-11-14 09:36:00,DI-245,1,3,25.093838000000005
2024-11-14 09:36:41,DI-245,2,0,24.614103
2024-11-14 09:36:41,DI-245,2,1,24.23031500000002
2024-11-14 09:36:41,DI-245,2,2,24.23031500000002
2024-11-14 09:36:41,DI-245,2,3,24.805996999999934
2024-11-14 09:36:58,DI-1100,0,0,9.425054152575792e-08
2024-11-14 09:37:00,DI-245,1,0,24.32626199999993
2024-11-14 09:37:00,DI-245,1,1,24.32626199999993
2024-11-14 09:37:00,DI-245,1,2,24.32626199999993
2024-11-14 09:37:00,DI-245,1,3,24.901943999999958
2024-11-14 09:37:42,DI-245,2,0,24.805996999999934
2024-11-14 09:37:42,DI-245,2,1,24.23031500000002
2024-11-14 09:37:42,DI-245,2,2,24.23031500000002
2024-11-14 09:37:42,DI-245,2,3,24.805996999999934
2024-11-14 09:37:58,DI-1100,0,0,9.467536304759485e-08
2024-11-14 09:38:00,DI-245,1,0,24.32626199999993
2024-11-14 09:38:00,DI-245,1,1,24.32626199999993
2024-11-14 09:38:00,DI-245,1,2,24.32626199999993
2024-11-14 09:38:00,DI-245,1,3,24.901943999999958
2024-11-14 09:38:42,DI-245,2,0,24.614103
2024-11-14 09:38:42,DI-245,2,1,24.23031500000002
2024-11-14 09:38:42,DI-245,2,2,24.23031500000002
2024-11-14 09:38:42,DI-245,2,3,24.805996999999934
2024-11-14 09:38:58,DI-1100,0,0,9.446271347141974e-08
2024-11-14 09:39:00,DI-245,1,0,24.32626199999993
2024-11-14 09:39:00,DI-245,1,1,24.32626199999993
2024-11-14 09:39:00,DI-245,1,2,24.32626199999993
2024-11-14 09:39:00,DI-245,1,3,24.901943999999958
2024-11-14 09:39:43,DI-245,2,0,24.614103
2024-11-14 09:39:43,DI-245,2,1,24.23031500000002
2024-11-14 09:39:43,DI-245,2,2,24.23031500000002
2024-11-14 09:39:43,DI-245,2,3,24.805996999999934
2024-11-14 09:39:58,DI-1100,0,0,9.435656786188134e-08
2024-11-14 09:40:00,DI-245,1,0,24.32626199999993
2024-11-14 09:40:00,DI-245,1,1,24.23031500000002
2024-11-14 09:40:00,DI-245,1,2,24.518155999999976
2024-11-14 09:40:00,DI-245,1,3,25.093838000000005
2024-11-14 09:40:43,DI-245,2,0,24.614103
2024-11-14 09:40:43,DI-245,2,1,24.23031500000002
2024-11-14 09:40:43,DI-245,2,2,24.23031500000002
2024-11-14 09:40:43,DI-245,2,3,24.805996999999934
2024-11-14 09:40:58,DI-1100,0,0,9.471085115538593e-08
2024-11-14 09:41:00,DI-245,1,0,24.32626199999993
2024-11-14 09:41:00,DI-245,1,1,24.32626199999993
2024-11-14 09:41:00,DI-245,1,2,24.32626199999993
2024-11-14 09:41:00,DI-245,1,3,24.901943999999958
2024-11-14 09:41:43,DI-245,2,0,24.614103
2024-11-14 09:41:43,DI-245,2,1,24.23031500000002
2024-11-14 09:41:43,DI-245,2,2,24.23031500000002
2024-11-14 09:41:43,DI-245,2,3,24.805996999999934
2024-11-14 09:41:59,DI-1100,0,0,9.506646468646613e-08
2024-11-14 09:42:01,DI-245,1,0,24.32626199999993
2024-11-14 09:42:01,DI-245,1,1,24.32626199999993
2024-11-14 09:42:01,DI-245,1,2,24.32626199999993
2024-11-14 09:42:01,DI-245,1,3,24.901943999999958
2024-11-14 09:42:44,DI-245,2,0,24.614103
2024-11-14 09:42:44,DI-245,2,1,24.23031500000002
2024-11-14 09:42:44,DI-245,2,2,24.23031500000002
2024-11-14 09:42:44,DI-245,2,3,24.805996999999934
2024-11-14 09:42:59,DI-1100,0,0,9.488849132950036e-08
2024-11-14 09:43:01,DI-245,1,0,24.32626199999993
2024-11-14 09:43:01,DI-245,1,1,24.32626199999993
2024-11-14 09:43:01,DI-245,1,2,24.32626199999993
2024-11-14 09:43:01,DI-245,1,3,24.901943999999958
2024-11-14 09:43:44,DI-245,2,0,24.614103
2024-11-14 09:43:44,DI-245,2,1,24.03842099999997
2024-11-14 09:43:44,DI-245,2,2,24.23031500000002
2024-11-14 09:43:44,DI-245,2,3,24.614103
2024-11-14 09:43:59,DI-1100,0,0,9.442731834069254e-08
2024-11-14 09:44:02,DI-245,1,0,24.32626199999993
2024-11-14 09:44:02,DI-245,1,1,24.32626199999993
2024-11-14 09:44:02,DI-245,1,2,24.32626199999993
2024-11-14 09:44:02,DI-245,1,3,24.901943999999958
